"item_id","item_definition","category","16","17","18","19","20","21","22","23","24","25","26","27","28","29","30"
1,"baa baa","sounds",0.47,0.52,0.56,0.67,0.71,0.7,0.68,0.78,0.78,0.8,0.8,0.84,0.89,0.8,0.82
2,"choo choo","sounds",0.21,0.32,0.39,0.52,0.58,0.6,0.65,0.7,0.76,0.84,0.81,0.85,0.92,0.85,0.89
3,"cockadoodledoo","sounds",0.12,0.11,0.15,0.23,0.25,0.31,0.34,0.37,0.44,0.48,0.5,0.54,0.71,0.54,0.6
4,"grrr","sounds",0.48,0.49,0.55,0.64,0.65,0.67,0.65,0.74,0.77,0.78,0.76,0.8,0.9,0.79,0.82
5,"meow","sounds",0.41,0.48,0.56,0.68,0.71,0.78,0.77,0.81,0.86,0.89,0.88,0.92,0.96,0.91,0.93
6,"moo","sounds",0.5,0.52,0.62,0.75,0.76,0.78,0.79,0.85,0.88,0.88,0.88,0.92,0.95,0.92,0.93
7,"ouch","sounds",0.34,0.41,0.51,0.61,0.64,0.67,0.7,0.77,0.78,0.86,0.82,0.83,0.93,0.86,0.88
8,"quack quack","sounds",0.4,0.39,0.49,0.6,0.61,0.7,0.67,0.77,0.79,0.83,0.84,0.85,0.93,0.85,0.9
9,"uh oh","sounds",0.71,0.68,0.78,0.87,0.87,0.89,0.88,0.88,0.9,0.93,0.9,0.93,0.97,0.91,0.89
10,"vroom","sounds",0.38,0.4,0.51,0.57,0.57,0.61,0.6,0.69,0.7,0.75,0.71,0.7,0.86,0.72,0.74
11,"woof woof","sounds",0.46,0.57,0.63,0.74,0.73,0.77,0.77,0.79,0.84,0.88,0.85,0.9,0.94,0.89,0.9
12,"yum yum","sounds",0.4,0.45,0.56,0.59,0.59,0.63,0.56,0.68,0.74,0.74,0.75,0.74,0.86,0.8,0.81
13,"alligator","animals",0.02,0.04,0.06,0.13,0.14,0.19,0.22,0.3,0.4,0.47,0.5,0.52,0.74,0.66,0.7
14,"animal","animals",0.03,0.07,0.11,0.2,0.21,0.28,0.33,0.44,0.5,0.56,0.58,0.61,0.78,0.71,0.73
15,"ant","animals",0.04,0.06,0.1,0.18,0.21,0.23,0.26,0.37,0.43,0.49,0.51,0.54,0.74,0.63,0.66
16,"bear","animals",0.23,0.29,0.37,0.51,0.55,0.57,0.6,0.66,0.74,0.78,0.79,0.84,0.91,0.86,0.85
17,"bee","animals",0.13,0.23,0.28,0.4,0.44,0.5,0.5,0.64,0.68,0.72,0.71,0.74,0.89,0.82,0.83
18,"bird","animals",0.32,0.42,0.5,0.63,0.65,0.71,0.7,0.77,0.81,0.89,0.89,0.89,0.95,0.9,0.9
19,"bug","animals",0.1,0.15,0.22,0.38,0.39,0.4,0.49,0.57,0.63,0.7,0.73,0.72,0.89,0.77,0.76
20,"bunny","animals",0.13,0.22,0.32,0.42,0.48,0.54,0.55,0.64,0.71,0.75,0.76,0.77,0.89,0.86,0.82
21,"butterfly","animals",0.06,0.1,0.14,0.24,0.27,0.33,0.42,0.52,0.59,0.66,0.67,0.69,0.86,0.82,0.82
22,"cat","animals",0.35,0.42,0.45,0.61,0.65,0.66,0.75,0.79,0.82,0.87,0.88,0.92,0.94,0.93,0.92
23,"chicken (animal)","animals",0.08,0.12,0.14,0.3,0.31,0.34,0.45,0.54,0.63,0.66,0.69,0.74,0.86,0.78,0.83
24,"cow","animals",0.19,0.25,0.34,0.5,0.54,0.53,0.58,0.68,0.75,0.8,0.8,0.85,0.93,0.87,0.87
25,"deer","animals",0.05,0.08,0.1,0.16,0.14,0.23,0.25,0.34,0.34,0.37,0.42,0.44,0.65,0.51,0.53
26,"dog","animals",0.62,0.65,0.74,0.78,0.81,0.82,0.83,0.86,0.89,0.93,0.93,0.94,0.98,0.95,0.94
27,"donkey","animals",0.02,0.06,0.06,0.1,0.11,0.16,0.19,0.26,0.27,0.3,0.3,0.34,0.53,0.4,0.45
28,"duck","animals",0.4,0.44,0.49,0.62,0.63,0.67,0.7,0.76,0.8,0.85,0.87,0.89,0.96,0.88,0.89
29,"elephant","animals",0.07,0.11,0.17,0.28,0.31,0.34,0.48,0.56,0.64,0.67,0.71,0.76,0.88,0.81,0.84
30,"fish (animal)","animals",0.22,0.32,0.39,0.52,0.55,0.58,0.67,0.72,0.78,0.87,0.84,0.86,0.95,0.91,0.92
31,"frog","animals",0.11,0.15,0.18,0.34,0.37,0.39,0.48,0.57,0.65,0.73,0.71,0.77,0.88,0.81,0.83
32,"giraffe","animals",0.07,0.1,0.13,0.21,0.21,0.3,0.31,0.46,0.53,0.57,0.57,0.62,0.79,0.71,0.75
33,"goose","animals",0.03,0.06,0.06,0.13,0.13,0.18,0.19,0.26,0.31,0.34,0.41,0.4,0.6,0.42,0.47
34,"hen","animals",0.01,0.03,0.02,0.05,0.05,0.11,0.11,0.15,0.17,0.2,0.21,0.24,0.44,0.28,0.31
35,"horse","animals",0.13,0.19,0.27,0.41,0.42,0.48,0.58,0.66,0.72,0.79,0.76,0.85,0.93,0.87,0.87
36,"kitty","animals",0.35,0.35,0.45,0.57,0.57,0.58,0.63,0.66,0.72,0.78,0.76,0.81,0.9,0.83,0.81
37,"lamb","animals",0.03,0.06,0.06,0.12,0.11,0.14,0.22,0.29,0.32,0.38,0.39,0.43,0.61,0.45,0.48
38,"lion","animals",0.08,0.11,0.16,0.25,0.27,0.36,0.41,0.53,0.59,0.67,0.69,0.7,0.86,0.8,0.82
39,"monkey","animals",0.1,0.19,0.24,0.36,0.39,0.44,0.55,0.64,0.7,0.79,0.78,0.81,0.92,0.86,0.9
40,"moose","animals",0.02,0.08,0.05,0.1,0.09,0.13,0.15,0.23,0.25,0.28,0.27,0.29,0.49,0.38,0.44
41,"mouse","animals",0.06,0.1,0.15,0.26,0.27,0.36,0.44,0.5,0.57,0.61,0.64,0.66,0.85,0.77,0.77
42,"owl","animals",0.12,0.15,0.19,0.32,0.31,0.35,0.44,0.53,0.53,0.59,0.63,0.65,0.79,0.7,0.72
43,"penguin","animals",0.04,0.05,0.07,0.13,0.14,0.2,0.29,0.36,0.4,0.42,0.46,0.45,0.64,0.69,0.67
44,"pig","animals",0.13,0.17,0.25,0.43,0.45,0.45,0.57,0.64,0.71,0.78,0.78,0.79,0.91,0.86,0.86
45,"pony","animals",0.03,0.04,0.05,0.1,0.11,0.14,0.22,0.22,0.25,0.32,0.32,0.38,0.54,0.45,0.5
46,"puppy","animals",0.22,0.22,0.33,0.44,0.46,0.48,0.58,0.62,0.67,0.74,0.75,0.76,0.88,0.8,0.82
47,"rooster","animals",0.03,0.03,0.04,0.07,0.09,0.11,0.15,0.24,0.26,0.33,0.35,0.42,0.57,0.42,0.46
48,"sheep","animals",0.09,0.11,0.15,0.29,0.3,0.32,0.4,0.51,0.56,0.62,0.66,0.67,0.82,0.7,0.72
49,"squirrel","animals",0.05,0.07,0.12,0.17,0.2,0.22,0.31,0.39,0.46,0.51,0.54,0.56,0.72,0.67,0.68
50,"teddybear","animals",0.08,0.11,0.18,0.26,0.28,0.29,0.38,0.47,0.51,0.58,0.64,0.65,0.82,0.71,0.74
51,"tiger","animals",0.07,0.09,0.15,0.23,0.25,0.26,0.38,0.45,0.53,0.6,0.62,0.68,0.81,0.74,0.78
52,"turkey","animals",0.04,0.05,0.06,0.14,0.17,0.16,0.22,0.27,0.31,0.39,0.43,0.41,0.63,0.48,0.53
53,"turtle","animals",0.11,0.13,0.18,0.33,0.33,0.36,0.42,0.57,0.6,0.68,0.68,0.68,0.84,0.8,0.82
54,"wolf","animals",0.02,0.04,0.04,0.08,0.09,0.1,0.13,0.2,0.23,0.29,0.32,0.34,0.54,0.44,0.49
55,"zebra","animals",0.04,0.08,0.1,0.17,0.2,0.21,0.29,0.38,0.45,0.51,0.53,0.56,0.73,0.64,0.7
56,"airplane","vehicles",0.12,0.2,0.3,0.42,0.47,0.52,0.6,0.67,0.73,0.81,0.82,0.85,0.94,0.88,0.87
57,"bicycle","vehicles",0.1,0.15,0.2,0.32,0.37,0.4,0.52,0.56,0.64,0.72,0.74,0.74,0.89,0.82,0.85
58,"boat","vehicles",0.18,0.21,0.29,0.43,0.45,0.48,0.56,0.66,0.69,0.76,0.79,0.78,0.93,0.84,0.86
59,"bus","vehicles",0.16,0.2,0.25,0.39,0.42,0.48,0.62,0.68,0.74,0.78,0.78,0.83,0.91,0.87,0.86
60,"car","vehicles",0.35,0.44,0.55,0.68,0.75,0.74,0.77,0.82,0.89,0.91,0.91,0.93,0.97,0.94,0.95
61,"firetruck","vehicles",0.03,0.06,0.1,0.15,0.2,0.26,0.36,0.45,0.51,0.61,0.65,0.64,0.82,0.74,0.78
62,"helicopter","vehicles",0.02,0.05,0.07,0.14,0.14,0.21,0.29,0.4,0.45,0.53,0.58,0.59,0.77,0.65,0.71
63,"motorcycle","vehicles",0.02,0.06,0.07,0.13,0.12,0.19,0.29,0.36,0.43,0.47,0.54,0.54,0.75,0.66,0.7
64,"sled","vehicles",0.01,0.04,0.06,0.07,0.1,0.13,0.15,0.19,0.19,0.22,0.23,0.3,0.35,0.33,0.33
65,"stroller","vehicles",0.05,0.07,0.12,0.19,0.19,0.23,0.26,0.41,0.47,0.54,0.55,0.6,0.79,0.62,0.7
66,"tractor","vehicles",0.07,0.08,0.12,0.18,0.22,0.25,0.33,0.38,0.45,0.48,0.52,0.52,0.71,0.6,0.62
67,"train","vehicles",0.11,0.17,0.24,0.36,0.47,0.46,0.55,0.66,0.76,0.79,0.82,0.81,0.93,0.87,0.9
68,"tricycle","vehicles",0.01,0.02,0.03,0.05,0.08,0.07,0.13,0.16,0.19,0.25,0.26,0.28,0.46,0.31,0.38
69,"truck","vehicles",0.27,0.3,0.39,0.52,0.56,0.59,0.67,0.74,0.78,0.85,0.85,0.86,0.95,0.89,0.89
70,"ball","toys",0.73,0.77,0.84,0.89,0.93,0.93,0.93,0.92,0.95,0.97,0.94,0.97,0.99,0.95,0.96
71,"balloon","toys",0.28,0.39,0.45,0.59,0.64,0.65,0.66,0.76,0.82,0.87,0.88,0.89,0.96,0.91,0.91
72,"bat","toys",0.05,0.06,0.11,0.14,0.17,0.18,0.22,0.26,0.36,0.41,0.44,0.43,0.7,0.54,0.56
73,"block","toys",0.13,0.21,0.28,0.36,0.4,0.47,0.51,0.6,0.6,0.69,0.71,0.74,0.87,0.76,0.77
74,"book","toys",0.45,0.55,0.62,0.71,0.78,0.79,0.79,0.83,0.88,0.9,0.89,0.92,0.97,0.93,0.93
75,"bubbles","toys",0.22,0.38,0.47,0.6,0.63,0.64,0.71,0.77,0.83,0.88,0.86,0.89,0.95,0.89,0.92
76,"chalk","toys",0.02,0.03,0.05,0.1,0.12,0.16,0.22,0.28,0.33,0.37,0.41,0.46,0.61,0.53,0.58
77,"crayon","toys",0.03,0.09,0.12,0.26,0.25,0.33,0.44,0.47,0.56,0.67,0.66,0.69,0.85,0.78,0.79
78,"doll","toys",0.14,0.22,0.28,0.35,0.4,0.41,0.48,0.51,0.52,0.65,0.64,0.67,0.83,0.7,0.72
79,"game","toys",0.01,0.03,0.06,0.09,0.11,0.16,0.24,0.26,0.33,0.42,0.45,0.49,0.71,0.61,0.69
80,"glue","toys",0,0.02,0.02,0.04,0.05,0.06,0.1,0.1,0.14,0.2,0.22,0.3,0.48,0.36,0.46
81,"pen","toys",0.04,0.09,0.1,0.23,0.26,0.3,0.36,0.4,0.44,0.55,0.58,0.58,0.79,0.64,0.69
82,"pencil","toys",0.01,0.04,0.07,0.15,0.16,0.22,0.22,0.3,0.34,0.46,0.49,0.5,0.74,0.6,0.65
83,"play dough","toys",0.01,0.03,0.05,0.08,0.12,0.18,0.23,0.29,0.36,0.41,0.44,0.53,0.64,0.6,0.65
84,"present","toys",0.01,0.03,0.05,0.08,0.1,0.17,0.22,0.33,0.44,0.51,0.52,0.56,0.77,0.64,0.67
85,"puzzle","toys",0.03,0.05,0.09,0.18,0.2,0.25,0.3,0.4,0.48,0.6,0.6,0.64,0.82,0.69,0.75
86,"story","toys",0.02,0.05,0.09,0.16,0.17,0.22,0.31,0.37,0.48,0.52,0.55,0.58,0.78,0.69,0.76
87,"toy (object)","toys",0.13,0.16,0.24,0.36,0.41,0.46,0.5,0.59,0.66,0.75,0.78,0.8,0.91,0.87,0.9
88,"apple","food_drink",0.29,0.38,0.49,0.61,0.61,0.67,0.76,0.81,0.85,0.89,0.88,0.91,0.96,0.93,0.93
89,"applesauce","food_drink",0.06,0.08,0.11,0.17,0.19,0.25,0.32,0.38,0.44,0.5,0.52,0.53,0.71,0.6,0.6
90,"banana","food_drink",0.46,0.52,0.62,0.68,0.73,0.75,0.8,0.85,0.88,0.91,0.9,0.91,0.96,0.94,0.96
91,"beans","food_drink",0.05,0.09,0.13,0.24,0.24,0.29,0.36,0.4,0.46,0.47,0.53,0.56,0.74,0.55,0.63
92,"bread","food_drink",0.1,0.15,0.2,0.33,0.37,0.4,0.5,0.58,0.64,0.72,0.75,0.74,0.9,0.83,0.82
93,"butter","food_drink",0.02,0.05,0.1,0.13,0.19,0.22,0.29,0.38,0.43,0.51,0.54,0.6,0.77,0.64,0.69
94,"cake","food_drink",0.06,0.09,0.17,0.28,0.34,0.35,0.5,0.56,0.7,0.74,0.75,0.78,0.9,0.87,0.88
95,"candy","food_drink",0.04,0.1,0.15,0.27,0.31,0.33,0.41,0.45,0.53,0.68,0.69,0.72,0.88,0.79,0.81
96,"carrots","food_drink",0.05,0.09,0.12,0.21,0.24,0.3,0.36,0.46,0.52,0.62,0.61,0.65,0.82,0.74,0.79
97,"cereal","food_drink",0.08,0.12,0.19,0.34,0.32,0.39,0.47,0.5,0.6,0.68,0.69,0.71,0.88,0.79,0.82
98,"cheerios","food_drink",0.11,0.15,0.23,0.28,0.28,0.33,0.4,0.47,0.49,0.57,0.56,0.57,0.75,0.68,0.76
99,"cheese","food_drink",0.29,0.37,0.48,0.6,0.62,0.67,0.67,0.76,0.83,0.84,0.85,0.86,0.95,0.87,0.9
100,"chicken (food)","food_drink",0.07,0.11,0.15,0.29,0.29,0.38,0.47,0.51,0.59,0.68,0.68,0.71,0.88,0.83,0.82
101,"chocolate","food_drink",0.02,0.05,0.08,0.12,0.18,0.23,0.28,0.41,0.48,0.52,0.55,0.63,0.78,0.72,0.78
102,"coffee","food_drink",0.04,0.06,0.11,0.18,0.2,0.25,0.32,0.43,0.49,0.52,0.56,0.57,0.75,0.66,0.7
103,"coke","food_drink",0.01,0.04,0.05,0.11,0.13,0.11,0.17,0.14,0.2,0.33,0.24,0.25,0.48,0.26,0.34
104,"cookie","food_drink",0.29,0.31,0.42,0.56,0.64,0.6,0.69,0.74,0.82,0.87,0.86,0.89,0.96,0.91,0.95
105,"corn","food_drink",0.05,0.08,0.12,0.21,0.24,0.25,0.34,0.44,0.48,0.56,0.59,0.64,0.81,0.69,0.74
106,"cracker","food_drink",0.26,0.28,0.37,0.5,0.53,0.53,0.6,0.67,0.72,0.78,0.76,0.78,0.92,0.81,0.82
107,"donut","food_drink",0.02,0.05,0.08,0.12,0.13,0.17,0.23,0.27,0.32,0.42,0.49,0.51,0.67,0.57,0.63
108,"drink (beverage)","food_drink",0.11,0.18,0.27,0.37,0.4,0.46,0.52,0.61,0.62,0.7,0.72,0.74,0.88,0.77,0.78
109,"egg","food_drink",0.1,0.18,0.2,0.34,0.36,0.45,0.52,0.6,0.65,0.69,0.75,0.76,0.88,0.82,0.82
110,"fish (food)","food_drink",0.09,0.14,0.2,0.32,0.34,0.37,0.4,0.48,0.53,0.62,0.6,0.59,0.82,0.72,0.77
111,"food","food_drink",0.07,0.12,0.19,0.25,0.3,0.34,0.41,0.5,0.54,0.62,0.64,0.67,0.82,0.77,0.8
112,"french fries","food_drink",0.07,0.08,0.15,0.27,0.3,0.32,0.42,0.47,0.53,0.65,0.68,0.7,0.87,0.74,0.79
113,"grapes","food_drink",0.09,0.14,0.21,0.31,0.34,0.41,0.44,0.59,0.62,0.72,0.72,0.74,0.88,0.78,0.82
114,"green beans","food_drink",0.03,0.05,0.07,0.13,0.12,0.17,0.19,0.29,0.3,0.36,0.39,0.44,0.56,0.44,0.53
115,"gum","food_drink",0.02,0.03,0.06,0.1,0.11,0.1,0.18,0.19,0.22,0.31,0.35,0.38,0.55,0.43,0.45
116,"hamburger","food_drink",0.02,0.05,0.07,0.12,0.17,0.19,0.28,0.31,0.4,0.5,0.54,0.59,0.75,0.65,0.73
117,"ice","food_drink",0.07,0.12,0.16,0.28,0.31,0.37,0.39,0.48,0.54,0.63,0.67,0.65,0.83,0.72,0.75
118,"ice cream","food_drink",0.08,0.1,0.19,0.28,0.32,0.38,0.45,0.57,0.65,0.73,0.77,0.81,0.9,0.86,0.88
119,"jello","food_drink",0.01,0.03,0.06,0.09,0.09,0.11,0.12,0.14,0.18,0.29,0.28,0.31,0.54,0.33,0.38
120,"jelly","food_drink",0.01,0.02,0.05,0.1,0.11,0.12,0.18,0.23,0.27,0.38,0.41,0.41,0.67,0.48,0.53
121,"juice","food_drink",0.27,0.27,0.38,0.57,0.6,0.63,0.68,0.67,0.77,0.83,0.82,0.84,0.94,0.86,0.89
122,"lollipop","food_drink",0,0.04,0.06,0.1,0.13,0.14,0.17,0.23,0.27,0.37,0.38,0.46,0.59,0.49,0.6
123,"meat","food_drink",0.03,0.06,0.09,0.14,0.15,0.22,0.22,0.29,0.38,0.41,0.44,0.49,0.65,0.56,0.59
124,"melon","food_drink",0.02,0.06,0.06,0.09,0.11,0.17,0.18,0.26,0.3,0.32,0.36,0.4,0.54,0.41,0.52
125,"milk","food_drink",0.36,0.38,0.49,0.64,0.66,0.71,0.71,0.76,0.82,0.88,0.86,0.9,0.95,0.92,0.91
126,"muffin","food_drink",0.02,0.05,0.07,0.12,0.14,0.21,0.27,0.38,0.39,0.45,0.42,0.51,0.67,0.61,0.66
127,"noodles","food_drink",0.06,0.11,0.16,0.23,0.26,0.35,0.36,0.45,0.52,0.55,0.58,0.6,0.77,0.68,0.69
128,"nuts","food_drink",0,0.04,0.04,0.1,0.09,0.14,0.16,0.24,0.32,0.32,0.38,0.4,0.58,0.54,0.57
129,"orange (food)","food_drink",0.06,0.11,0.15,0.3,0.28,0.36,0.4,0.55,0.62,0.65,0.64,0.73,0.87,0.82,0.84
130,"pancake","food_drink",0.04,0.08,0.11,0.2,0.22,0.25,0.32,0.49,0.52,0.57,0.62,0.64,0.78,0.7,0.78
131,"peas","food_drink",0.06,0.1,0.14,0.26,0.26,0.26,0.33,0.42,0.48,0.52,0.56,0.57,0.7,0.62,0.67
132,"peanut butter","food_drink",0.03,0.07,0.09,0.18,0.18,0.24,0.31,0.42,0.47,0.49,0.58,0.6,0.79,0.66,0.7
133,"pickle","food_drink",0.02,0.04,0.08,0.14,0.15,0.17,0.22,0.31,0.34,0.43,0.43,0.45,0.65,0.57,0.58
134,"pizza","food_drink",0.07,0.13,0.22,0.35,0.39,0.45,0.53,0.65,0.69,0.78,0.78,0.82,0.92,0.87,0.91
135,"popcorn","food_drink",0.03,0.07,0.12,0.18,0.22,0.26,0.32,0.39,0.47,0.57,0.57,0.62,0.79,0.71,0.73
136,"popsicle","food_drink",0.03,0.04,0.09,0.13,0.16,0.2,0.28,0.28,0.35,0.45,0.46,0.52,0.69,0.61,0.64
137,"potato chip","food_drink",0.03,0.07,0.12,0.2,0.24,0.25,0.31,0.37,0.43,0.54,0.64,0.6,0.79,0.67,0.69
138,"potato","food_drink",0.02,0.06,0.08,0.14,0.19,0.2,0.27,0.39,0.41,0.46,0.49,0.53,0.74,0.66,0.66
139,"pretzel","food_drink",0.03,0.06,0.08,0.15,0.16,0.19,0.2,0.28,0.34,0.44,0.4,0.45,0.72,0.5,0.56
140,"pudding","food_drink",0.01,0.02,0.04,0.06,0.07,0.07,0.1,0.13,0.16,0.25,0.23,0.26,0.48,0.35,0.37
141,"pumpkin","food_drink",0.03,0.06,0.07,0.16,0.17,0.2,0.25,0.35,0.39,0.46,0.43,0.52,0.7,0.6,0.67
142,"raisin","food_drink",0.04,0.05,0.11,0.2,0.23,0.26,0.31,0.4,0.43,0.56,0.57,0.58,0.77,0.6,0.65
143,"salt","food_drink",0,0.02,0.03,0.06,0.06,0.09,0.13,0.2,0.22,0.24,0.3,0.34,0.53,0.43,0.46
144,"sandwich","food_drink",0.02,0.04,0.06,0.13,0.15,0.17,0.28,0.38,0.43,0.51,0.53,0.6,0.81,0.72,0.75
145,"sauce","food_drink",0.03,0.02,0.04,0.08,0.1,0.15,0.17,0.28,0.31,0.32,0.31,0.39,0.55,0.51,0.55
146,"soda/pop","food_drink",0.03,0.06,0.09,0.11,0.19,0.16,0.24,0.17,0.26,0.34,0.36,0.32,0.64,0.41,0.41
147,"soup","food_drink",0.03,0.05,0.09,0.16,0.19,0.25,0.34,0.4,0.46,0.5,0.55,0.56,0.73,0.68,0.72
148,"spaghetti","food_drink",0.03,0.07,0.1,0.17,0.2,0.24,0.29,0.39,0.46,0.55,0.55,0.59,0.79,0.66,0.74
149,"strawberry","food_drink",0.07,0.09,0.15,0.22,0.23,0.35,0.4,0.5,0.56,0.59,0.64,0.66,0.79,0.76,0.8
150,"toast","food_drink",0.09,0.12,0.17,0.24,0.26,0.31,0.36,0.47,0.52,0.54,0.57,0.62,0.79,0.65,0.69
151,"tuna","food_drink",0.01,0.03,0.04,0.05,0.04,0.05,0.11,0.15,0.15,0.18,0.21,0.25,0.4,0.26,0.33
152,"vanilla","food_drink",0,0.01,0.02,0.04,0.02,0.05,0.05,0.08,0.11,0.14,0.18,0.23,0.34,0.28,0.37
153,"vitamins","food_drink",0.02,0.03,0.05,0.09,0.11,0.13,0.19,0.17,0.26,0.36,0.39,0.42,0.57,0.45,0.5
154,"water (beverage)","food_drink",0.23,0.33,0.43,0.54,0.58,0.64,0.66,0.77,0.8,0.84,0.85,0.89,0.94,0.89,0.9
155,"yogurt","food_drink",0.08,0.15,0.21,0.31,0.33,0.37,0.45,0.55,0.61,0.62,0.65,0.67,0.76,0.75,0.84
156,"beads","clothing",0.03,0.05,0.06,0.1,0.11,0.13,0.13,0.17,0.21,0.24,0.23,0.26,0.44,0.3,0.35
157,"belt","clothing",0.02,0.05,0.08,0.14,0.15,0.17,0.23,0.24,0.28,0.37,0.37,0.42,0.64,0.49,0.5
158,"bib","clothing",0.09,0.14,0.21,0.31,0.28,0.32,0.36,0.47,0.5,0.54,0.56,0.55,0.76,0.58,0.63
159,"boots","clothing",0.11,0.17,0.23,0.32,0.36,0.45,0.54,0.64,0.65,0.67,0.69,0.72,0.82,0.82,0.79
160,"button","clothing",0.09,0.14,0.19,0.3,0.34,0.37,0.42,0.53,0.55,0.63,0.65,0.64,0.84,0.73,0.77
161,"coat","clothing",0.12,0.12,0.18,0.31,0.34,0.39,0.48,0.53,0.6,0.65,0.64,0.68,0.79,0.71,0.71
162,"diaper","clothing",0.21,0.29,0.41,0.49,0.52,0.57,0.65,0.71,0.74,0.85,0.84,0.85,0.94,0.89,0.87
163,"dress (object)","clothing",0.03,0.05,0.09,0.14,0.18,0.21,0.29,0.36,0.41,0.45,0.53,0.56,0.7,0.61,0.66
164,"gloves","clothing",0,0.04,0.05,0.09,0.12,0.12,0.21,0.29,0.35,0.38,0.47,0.44,0.6,0.58,0.59
165,"hat","clothing",0.24,0.33,0.45,0.56,0.62,0.67,0.7,0.79,0.79,0.85,0.85,0.84,0.93,0.87,0.88
166,"jacket","clothing",0.06,0.11,0.14,0.25,0.27,0.31,0.42,0.5,0.55,0.61,0.63,0.68,0.81,0.77,0.77
167,"jeans","clothing",0.01,0.03,0.04,0.08,0.09,0.15,0.18,0.21,0.29,0.32,0.37,0.33,0.56,0.49,0.56
168,"mittens","clothing",0.03,0.04,0.08,0.1,0.13,0.17,0.2,0.27,0.32,0.36,0.37,0.4,0.53,0.51,0.51
169,"necklace","clothing",0.02,0.05,0.08,0.17,0.15,0.22,0.24,0.31,0.37,0.43,0.44,0.5,0.69,0.55,0.61
170,"pajamas","clothing",0.04,0.09,0.15,0.21,0.24,0.33,0.41,0.54,0.58,0.65,0.7,0.72,0.84,0.81,0.84
171,"pants","clothing",0.07,0.11,0.21,0.29,0.36,0.42,0.52,0.61,0.67,0.71,0.74,0.81,0.9,0.85,0.85
172,"scarf","clothing",0,0.02,0.02,0.05,0.04,0.08,0.09,0.15,0.16,0.17,0.2,0.23,0.33,0.34,0.37
173,"shirt","clothing",0.09,0.12,0.22,0.33,0.39,0.46,0.54,0.62,0.66,0.74,0.75,0.8,0.91,0.82,0.83
174,"shoe","clothing",0.4,0.51,0.66,0.76,0.8,0.83,0.84,0.86,0.9,0.93,0.9,0.95,0.97,0.93,0.94
175,"shorts","clothing",0.03,0.04,0.09,0.13,0.15,0.21,0.28,0.33,0.44,0.49,0.56,0.59,0.78,0.71,0.72
176,"slipper","clothing",0.03,0.03,0.06,0.1,0.12,0.17,0.23,0.32,0.32,0.38,0.41,0.42,0.64,0.51,0.54
177,"sneaker","clothing",0.01,0.03,0.04,0.07,0.1,0.11,0.14,0.17,0.19,0.26,0.3,0.32,0.46,0.34,0.38
178,"snowsuit","clothing",0,0.02,0.02,0.02,0.02,0.04,0.06,0.1,0.1,0.12,0.15,0.17,0.25,0.23,0.25
179,"sock","clothing",0.21,0.24,0.38,0.48,0.48,0.51,0.55,0.63,0.7,0.76,0.78,0.81,0.93,0.8,0.83
180,"sweater","clothing",0.12,0.14,0.13,0.21,0.27,0.32,0.34,0.45,0.44,0.46,0.48,0.53,0.64,0.63,0.67
181,"tights","clothing",0,0.02,0.02,0.03,0.05,0.04,0.11,0.12,0.13,0.17,0.19,0.24,0.3,0.25,0.29
182,"underpants","clothing",0.01,0.02,0.03,0.05,0.1,0.1,0.14,0.2,0.24,0.29,0.4,0.43,0.58,0.55,0.53
183,"zipper","clothing",0.03,0.05,0.08,0.2,0.21,0.24,0.33,0.4,0.48,0.53,0.55,0.58,0.73,0.65,0.69
184,"ankle","body_parts",0,0.02,0.03,0.06,0.07,0.08,0.11,0.14,0.17,0.19,0.21,0.26,0.45,0.32,0.37
185,"arm","body_parts",0.04,0.12,0.2,0.32,0.36,0.45,0.5,0.58,0.68,0.74,0.74,0.78,0.91,0.83,0.84
186,"belly button","body_parts",0.19,0.3,0.32,0.42,0.47,0.54,0.6,0.65,0.7,0.75,0.75,0.79,0.89,0.8,0.83
187,"buttocks/bottom*","body_parts",0.09,0.14,0.19,0.31,0.32,0.4,0.51,0.59,0.63,0.72,0.71,0.73,0.89,0.78,0.78
188,"cheek","body_parts",0.06,0.08,0.16,0.25,0.26,0.36,0.43,0.52,0.56,0.63,0.64,0.68,0.81,0.73,0.74
189,"chin","body_parts",0.04,0.06,0.12,0.23,0.25,0.3,0.38,0.47,0.52,0.56,0.61,0.67,0.8,0.72,0.71
190,"ear","body_parts",0.29,0.37,0.48,0.61,0.66,0.68,0.76,0.79,0.83,0.87,0.88,0.9,0.96,0.9,0.9
191,"eye","body_parts",0.32,0.41,0.56,0.67,0.73,0.75,0.8,0.83,0.87,0.92,0.88,0.93,0.97,0.93,0.93
192,"face","body_parts",0.04,0.08,0.11,0.22,0.22,0.26,0.4,0.44,0.54,0.63,0.64,0.72,0.84,0.77,0.8
193,"finger","body_parts",0.08,0.15,0.2,0.32,0.38,0.43,0.51,0.62,0.67,0.73,0.74,0.79,0.89,0.82,0.87
194,"foot","body_parts",0.1,0.15,0.29,0.41,0.46,0.5,0.55,0.65,0.73,0.81,0.81,0.85,0.94,0.87,0.86
195,"hair","body_parts",0.15,0.27,0.34,0.48,0.54,0.6,0.66,0.74,0.77,0.83,0.82,0.86,0.96,0.89,0.89
196,"hand","body_parts",0.07,0.12,0.22,0.34,0.4,0.53,0.56,0.68,0.72,0.79,0.8,0.83,0.93,0.9,0.87
197,"head","body_parts",0.11,0.19,0.23,0.36,0.41,0.46,0.55,0.64,0.71,0.76,0.76,0.8,0.92,0.86,0.86
198,"knee","body_parts",0.09,0.12,0.19,0.28,0.32,0.38,0.44,0.56,0.6,0.69,0.71,0.73,0.85,0.76,0.77
199,"leg","body_parts",0.03,0.08,0.12,0.25,0.29,0.32,0.46,0.53,0.6,0.69,0.69,0.76,0.87,0.81,0.81
200,"lips","body_parts",0.03,0.06,0.07,0.13,0.15,0.22,0.29,0.36,0.4,0.48,0.52,0.55,0.73,0.66,0.68
201,"mouth","body_parts",0.17,0.24,0.34,0.48,0.52,0.56,0.62,0.7,0.73,0.8,0.79,0.85,0.93,0.88,0.87
202,"nose","body_parts",0.33,0.44,0.53,0.67,0.72,0.74,0.78,0.82,0.86,0.9,0.88,0.9,0.96,0.91,0.92
203,"owie/boo boo","body_parts",0.19,0.3,0.38,0.46,0.57,0.6,0.66,0.72,0.72,0.83,0.81,0.81,0.92,0.82,0.82
204,"penis*","body_parts",0.04,0.08,0.12,0.15,0.19,0.23,0.24,0.33,0.4,0.41,0.41,0.45,0.6,0.53,0.54
205,"shoulder","body_parts",0.01,0.03,0.03,0.09,0.1,0.16,0.21,0.28,0.31,0.37,0.4,0.48,0.61,0.55,0.64
206,"toe","body_parts",0.12,0.21,0.3,0.42,0.42,0.51,0.56,0.59,0.66,0.74,0.73,0.78,0.9,0.81,0.82
207,"tongue","body_parts",0.07,0.14,0.17,0.26,0.27,0.36,0.42,0.49,0.53,0.63,0.6,0.67,0.81,0.72,0.76
208,"tooth","body_parts",0.08,0.14,0.23,0.37,0.35,0.4,0.5,0.55,0.62,0.74,0.72,0.75,0.88,0.8,0.8
209,"tummy","body_parts",0.1,0.18,0.27,0.39,0.4,0.44,0.54,0.64,0.67,0.79,0.77,0.77,0.91,0.83,0.84
210,"vagina*","body_parts",0.02,0.04,0.06,0.09,0.1,0.11,0.15,0.17,0.2,0.22,0.25,0.26,0.38,0.37,0.39
211,"basket","household",0.02,0.05,0.07,0.18,0.15,0.21,0.25,0.34,0.4,0.47,0.48,0.51,0.72,0.61,0.65
212,"blanket","household",0.13,0.2,0.29,0.42,0.46,0.52,0.59,0.66,0.72,0.8,0.81,0.83,0.93,0.85,0.86
213,"bottle","household",0.33,0.33,0.37,0.48,0.54,0.57,0.58,0.64,0.66,0.76,0.76,0.79,0.9,0.81,0.82
214,"bowl","household",0.1,0.13,0.18,0.31,0.33,0.39,0.47,0.55,0.63,0.68,0.67,0.76,0.88,0.77,0.81
215,"box","household",0.1,0.14,0.21,0.32,0.36,0.4,0.49,0.51,0.6,0.67,0.7,0.76,0.87,0.78,0.79
216,"broom","household",0.04,0.1,0.12,0.21,0.26,0.28,0.37,0.42,0.49,0.57,0.59,0.64,0.79,0.64,0.69
217,"brush","household",0.13,0.15,0.24,0.33,0.38,0.39,0.48,0.58,0.61,0.7,0.69,0.72,0.87,0.76,0.79
218,"bucket","household",0.01,0.05,0.07,0.13,0.13,0.19,0.27,0.33,0.39,0.45,0.48,0.48,0.69,0.59,0.65
219,"camera","household",0.02,0.03,0.05,0.11,0.14,0.19,0.25,0.3,0.35,0.48,0.48,0.53,0.71,0.58,0.69
220,"can (object)","household",0.01,0.04,0.05,0.08,0.1,0.13,0.18,0.2,0.25,0.33,0.32,0.4,0.57,0.43,0.49
221,"clock","household",0.1,0.11,0.19,0.29,0.31,0.34,0.37,0.46,0.5,0.59,0.6,0.6,0.8,0.66,0.71
222,"comb","household",0.04,0.09,0.1,0.2,0.22,0.27,0.29,0.32,0.4,0.46,0.52,0.53,0.73,0.54,0.62
223,"cup","household",0.22,0.25,0.39,0.48,0.56,0.61,0.69,0.71,0.74,0.86,0.86,0.89,0.93,0.87,0.88
224,"dish","household",0.01,0.04,0.06,0.11,0.13,0.18,0.19,0.25,0.3,0.34,0.37,0.47,0.63,0.47,0.54
225,"fork","household",0.06,0.13,0.19,0.33,0.38,0.42,0.5,0.63,0.67,0.74,0.76,0.79,0.9,0.78,0.81
226,"garbage","household",0.04,0.06,0.09,0.15,0.18,0.24,0.27,0.39,0.45,0.46,0.5,0.57,0.67,0.66,0.7
227,"glass","household",0.03,0.04,0.07,0.13,0.15,0.15,0.24,0.33,0.37,0.43,0.47,0.53,0.7,0.59,0.66
228,"glasses","household",0.05,0.1,0.14,0.25,0.26,0.3,0.37,0.47,0.52,0.62,0.63,0.62,0.84,0.69,0.72
229,"hammer","household",0.01,0.05,0.07,0.12,0.14,0.17,0.22,0.3,0.35,0.4,0.44,0.49,0.69,0.55,0.6
230,"jar","household",0.07,0.08,0.09,0.14,0.18,0.18,0.23,0.26,0.24,0.26,0.29,0.33,0.41,0.41,0.41
231,"keys","household",0.14,0.19,0.29,0.4,0.39,0.43,0.46,0.56,0.64,0.73,0.73,0.74,0.92,0.74,0.8
232,"knife","household",0.01,0.03,0.06,0.12,0.15,0.18,0.27,0.38,0.43,0.45,0.56,0.55,0.77,0.64,0.7
233,"lamp","household",0.01,0.04,0.04,0.08,0.1,0.14,0.17,0.24,0.26,0.31,0.32,0.39,0.54,0.45,0.53
234,"light","household",0.16,0.18,0.29,0.39,0.41,0.5,0.56,0.62,0.67,0.76,0.74,0.78,0.91,0.81,0.82
235,"medicine","household",0.03,0.06,0.09,0.18,0.19,0.23,0.29,0.36,0.45,0.57,0.6,0.61,0.8,0.67,0.71
236,"money","household",0.03,0.06,0.1,0.21,0.24,0.28,0.32,0.34,0.47,0.56,0.59,0.62,0.84,0.69,0.71
237,"mop","household",0.01,0.03,0.03,0.07,0.08,0.1,0.14,0.16,0.19,0.24,0.25,0.32,0.48,0.34,0.41
238,"nail","household",0,0.03,0.02,0.06,0.08,0.08,0.13,0.19,0.21,0.28,0.29,0.35,0.54,0.45,0.51
239,"napkin","household",0.01,0.04,0.07,0.13,0.17,0.24,0.3,0.35,0.44,0.53,0.56,0.56,0.78,0.64,0.66
240,"paper","household",0.06,0.08,0.14,0.25,0.29,0.36,0.39,0.53,0.58,0.67,0.69,0.71,0.88,0.78,0.81
241,"penny","household",0.01,0.03,0.05,0.08,0.11,0.13,0.17,0.18,0.24,0.34,0.36,0.38,0.61,0.36,0.44
242,"picture","household",0.03,0.05,0.11,0.18,0.2,0.25,0.33,0.42,0.48,0.59,0.63,0.67,0.82,0.73,0.78
243,"pillow","household",0.05,0.1,0.15,0.28,0.3,0.38,0.44,0.53,0.59,0.68,0.73,0.75,0.9,0.8,0.81
244,"plant","household",0.02,0.06,0.07,0.11,0.14,0.18,0.21,0.31,0.33,0.39,0.44,0.48,0.64,0.53,0.62
245,"plate","household",0.02,0.06,0.1,0.16,0.23,0.31,0.38,0.47,0.51,0.62,0.61,0.64,0.81,0.74,0.76
246,"purse","household",0.03,0.07,0.1,0.18,0.18,0.21,0.29,0.32,0.38,0.48,0.51,0.54,0.73,0.54,0.63
247,"radio","household",0.01,0.03,0.04,0.07,0.11,0.11,0.2,0.17,0.2,0.28,0.3,0.34,0.59,0.41,0.47
248,"scissors","household",0.01,0.03,0.03,0.1,0.11,0.15,0.22,0.28,0.35,0.45,0.48,0.5,0.73,0.65,0.7
249,"soap","household",0.04,0.07,0.14,0.26,0.29,0.4,0.42,0.52,0.6,0.7,0.7,0.72,0.88,0.79,0.78
250,"spoon","household",0.17,0.21,0.33,0.46,0.5,0.56,0.62,0.7,0.73,0.8,0.8,0.81,0.93,0.84,0.85
251,"tape","household",0.01,0.03,0.05,0.1,0.11,0.14,0.2,0.26,0.33,0.4,0.41,0.51,0.69,0.52,0.62
252,"telephone","household",0.1,0.17,0.22,0.36,0.4,0.52,0.57,0.64,0.68,0.77,0.77,0.78,0.92,0.86,0.85
253,"tissue/kleenex","household",0.02,0.05,0.08,0.14,0.2,0.27,0.29,0.38,0.45,0.55,0.56,0.58,0.79,0.63,0.69
254,"toothbrush","household",0.11,0.14,0.23,0.36,0.37,0.43,0.52,0.64,0.65,0.74,0.75,0.76,0.91,0.81,0.83
255,"towel","household",0.05,0.09,0.13,0.24,0.26,0.32,0.43,0.49,0.55,0.66,0.67,0.69,0.88,0.76,0.78
256,"trash","household",0.05,0.1,0.15,0.26,0.3,0.28,0.41,0.43,0.44,0.55,0.52,0.62,0.75,0.59,0.63
257,"tray","household",0,0.02,0.02,0.05,0.04,0.06,0.08,0.12,0.12,0.13,0.16,0.2,0.31,0.22,0.3
258,"vacuum","household",0.04,0.07,0.13,0.2,0.24,0.3,0.34,0.38,0.46,0.54,0.58,0.62,0.77,0.67,0.69
259,"walker","household",0,0.02,0.01,0.02,0.02,0.03,0.05,0.07,0.08,0.09,0.08,0.16,0.21,0.18,0.18
260,"watch (object)","household",0.03,0.07,0.12,0.21,0.2,0.23,0.29,0.37,0.4,0.5,0.53,0.53,0.77,0.59,0.63
261,"basement","furniture_rooms",0.01,0.02,0.02,0.02,0.04,0.06,0.11,0.13,0.14,0.17,0.18,0.24,0.28,0.25,0.23
262,"bathroom","furniture_rooms",0.03,0.07,0.12,0.21,0.23,0.27,0.42,0.46,0.54,0.65,0.68,0.69,0.85,0.78,0.81
263,"bathtub","furniture_rooms",0.11,0.16,0.24,0.33,0.36,0.38,0.51,0.57,0.6,0.67,0.71,0.72,0.87,0.74,0.76
264,"bed","furniture_rooms",0.13,0.21,0.29,0.4,0.48,0.56,0.62,0.71,0.74,0.84,0.84,0.88,0.94,0.88,0.87
265,"bedroom","furniture_rooms",0.01,0.05,0.07,0.13,0.15,0.21,0.27,0.33,0.43,0.51,0.54,0.6,0.77,0.68,0.72
266,"bench","furniture_rooms",0,0.03,0.02,0.04,0.04,0.05,0.09,0.14,0.15,0.16,0.23,0.26,0.38,0.31,0.4
267,"chair","furniture_rooms",0.12,0.17,0.28,0.41,0.44,0.46,0.58,0.64,0.72,0.79,0.79,0.81,0.93,0.85,0.86
268,"closet","furniture_rooms",0,0.03,0.04,0.09,0.08,0.15,0.21,0.24,0.34,0.42,0.45,0.54,0.71,0.62,0.68
269,"couch","furniture_rooms",0.02,0.05,0.11,0.18,0.2,0.26,0.34,0.42,0.49,0.57,0.59,0.65,0.82,0.7,0.72
270,"crib","furniture_rooms",0.03,0.05,0.08,0.13,0.17,0.24,0.27,0.39,0.39,0.48,0.55,0.56,0.7,0.6,0.68
271,"door","furniture_rooms",0.15,0.25,0.3,0.41,0.46,0.52,0.6,0.65,0.73,0.8,0.8,0.86,0.93,0.85,0.87
272,"drawer","furniture_rooms",0.01,0.03,0.05,0.08,0.09,0.11,0.18,0.21,0.27,0.33,0.37,0.47,0.61,0.5,0.57
273,"dryer","furniture_rooms",0,0.02,0.03,0.09,0.06,0.09,0.14,0.19,0.21,0.28,0.33,0.39,0.56,0.46,0.5
274,"garage","furniture_rooms",0.01,0.02,0.03,0.09,0.1,0.13,0.18,0.24,0.3,0.38,0.4,0.45,0.66,0.51,0.57
275,"high chair","furniture_rooms",0.04,0.08,0.14,0.18,0.18,0.24,0.29,0.37,0.4,0.44,0.51,0.51,0.69,0.56,0.62
276,"kitchen","furniture_rooms",0.02,0.05,0.1,0.17,0.19,0.29,0.33,0.42,0.5,0.6,0.63,0.68,0.83,0.74,0.79
277,"living room","furniture_rooms",0,0.03,0.04,0.06,0.06,0.11,0.16,0.24,0.27,0.33,0.41,0.46,0.6,0.5,0.57
278,"oven","furniture_rooms",0.01,0.04,0.04,0.09,0.11,0.15,0.22,0.25,0.32,0.37,0.44,0.48,0.64,0.56,0.6
279,"play pen","furniture_rooms",0,0.02,0.02,0.04,0.03,0.03,0.05,0.09,0.08,0.11,0.13,0.15,0.3,0.21,0.24
280,"porch","furniture_rooms",0.01,0.01,0.02,0.04,0.06,0.07,0.1,0.13,0.14,0.19,0.22,0.31,0.41,0.28,0.34
281,"potty","furniture_rooms",0.1,0.15,0.26,0.39,0.44,0.49,0.58,0.64,0.68,0.77,0.79,0.79,0.9,0.82,0.83
282,"rocking chair","furniture_rooms",0.01,0.04,0.06,0.13,0.15,0.15,0.23,0.24,0.27,0.35,0.39,0.43,0.59,0.46,0.53
283,"refrigerator","furniture_rooms",0.01,0.05,0.06,0.13,0.15,0.16,0.25,0.29,0.37,0.46,0.5,0.57,0.76,0.61,0.67
284,"room","furniture_rooms",0.03,0.05,0.07,0.15,0.18,0.2,0.31,0.38,0.44,0.53,0.58,0.63,0.79,0.65,0.75
285,"shower","furniture_rooms",0.03,0.08,0.11,0.2,0.24,0.27,0.35,0.44,0.49,0.59,0.6,0.62,0.8,0.71,0.74
286,"sink","furniture_rooms",0.01,0.04,0.07,0.13,0.12,0.21,0.27,0.33,0.42,0.47,0.53,0.58,0.75,0.65,0.7
287,"sofa","furniture_rooms",0,0.03,0.04,0.05,0.07,0.09,0.09,0.15,0.19,0.24,0.26,0.29,0.41,0.38,0.46
288,"stairs","furniture_rooms",0.02,0.06,0.11,0.17,0.18,0.24,0.33,0.42,0.45,0.54,0.58,0.61,0.81,0.66,0.72
289,"stove","furniture_rooms",0.02,0.05,0.07,0.13,0.14,0.19,0.25,0.28,0.32,0.35,0.42,0.47,0.61,0.52,0.55
290,"table","furniture_rooms",0.02,0.07,0.11,0.21,0.24,0.29,0.36,0.46,0.53,0.65,0.67,0.67,0.86,0.77,0.8
291,"TV","furniture_rooms",0.08,0.13,0.21,0.33,0.38,0.44,0.47,0.58,0.64,0.75,0.76,0.74,0.93,0.86,0.88
292,"window","furniture_rooms",0.02,0.05,0.08,0.16,0.18,0.23,0.27,0.33,0.42,0.52,0.58,0.65,0.81,0.7,0.7
293,"washing machine","furniture_rooms",0,0.04,0.06,0.1,0.1,0.14,0.19,0.3,0.28,0.32,0.36,0.4,0.58,0.53,0.64
294,"backyard","outside",0.01,0.03,0.06,0.07,0.09,0.16,0.17,0.24,0.29,0.36,0.41,0.45,0.65,0.51,0.57
295,"cloud","outside",0.03,0.05,0.09,0.14,0.18,0.23,0.27,0.37,0.43,0.49,0.49,0.57,0.74,0.66,0.72
296,"flag","outside",0.01,0.04,0.07,0.13,0.11,0.17,0.19,0.24,0.32,0.41,0.44,0.43,0.65,0.51,0.58
297,"flower","outside",0.14,0.22,0.28,0.44,0.47,0.5,0.55,0.66,0.7,0.81,0.77,0.84,0.92,0.86,0.89
298,"garden","outside",0,0.02,0.04,0.06,0.06,0.09,0.13,0.2,0.24,0.25,0.32,0.36,0.51,0.47,0.51
299,"grass","outside",0.06,0.09,0.14,0.22,0.26,0.29,0.39,0.47,0.54,0.65,0.65,0.69,0.85,0.75,0.78
300,"hose","outside",0.01,0.03,0.04,0.09,0.09,0.11,0.17,0.23,0.28,0.35,0.38,0.42,0.63,0.51,0.53
301,"ladder","outside",0,0.03,0.03,0.08,0.07,0.13,0.16,0.22,0.27,0.36,0.36,0.42,0.62,0.53,0.56
302,"lawn mower","outside",0.03,0.04,0.07,0.13,0.13,0.18,0.19,0.27,0.29,0.38,0.41,0.45,0.61,0.48,0.49
303,"moon","outside",0.12,0.22,0.28,0.4,0.42,0.49,0.58,0.63,0.68,0.77,0.75,0.77,0.9,0.82,0.85
304,"pool","outside",0.06,0.1,0.14,0.21,0.27,0.33,0.35,0.43,0.5,0.6,0.62,0.63,0.82,0.71,0.76
305,"rain","outside",0.06,0.1,0.16,0.28,0.35,0.4,0.46,0.59,0.65,0.74,0.74,0.77,0.91,0.82,0.86
306,"rock","outside",0.09,0.15,0.2,0.32,0.36,0.37,0.49,0.57,0.62,0.68,0.68,0.71,0.87,0.77,0.79
307,"roof","outside",0,0.02,0.02,0.04,0.04,0.07,0.11,0.15,0.19,0.21,0.26,0.3,0.49,0.41,0.48
308,"sandbox","outside",0.01,0.02,0.05,0.09,0.08,0.12,0.14,0.21,0.28,0.33,0.34,0.43,0.6,0.45,0.5
309,"shovel","outside",0.02,0.05,0.06,0.11,0.13,0.19,0.24,0.31,0.38,0.41,0.45,0.51,0.71,0.59,0.63
310,"sidewalk","outside",0,0.03,0.03,0.07,0.07,0.09,0.15,0.19,0.26,0.32,0.37,0.4,0.59,0.5,0.56
311,"sky","outside",0.04,0.08,0.13,0.22,0.24,0.31,0.35,0.41,0.48,0.56,0.59,0.65,0.78,0.66,0.75
312,"slide (object)","outside",0.08,0.11,0.16,0.25,0.31,0.35,0.41,0.54,0.55,0.63,0.65,0.69,0.84,0.73,0.74
313,"snow","outside",0.07,0.11,0.13,0.16,0.2,0.32,0.32,0.44,0.49,0.49,0.55,0.62,0.7,0.69,0.7
314,"snowman","outside",0.02,0.04,0.04,0.08,0.1,0.15,0.21,0.26,0.32,0.35,0.42,0.45,0.59,0.61,0.62
315,"sprinkler","outside",0,0.01,0.02,0.06,0.04,0.06,0.09,0.15,0.17,0.28,0.27,0.27,0.47,0.38,0.42
316,"star","outside",0.09,0.15,0.2,0.3,0.3,0.44,0.46,0.53,0.61,0.68,0.67,0.73,0.85,0.8,0.83
317,"stick","outside",0.05,0.06,0.11,0.19,0.19,0.22,0.33,0.41,0.48,0.55,0.57,0.64,0.79,0.68,0.69
318,"stone","outside",0.01,0.02,0.04,0.05,0.05,0.09,0.12,0.14,0.17,0.22,0.2,0.31,0.39,0.36,0.41
319,"street","outside",0.01,0.03,0.05,0.1,0.13,0.17,0.23,0.3,0.38,0.45,0.48,0.53,0.75,0.62,0.67
320,"sun","outside",0.06,0.11,0.13,0.26,0.3,0.4,0.46,0.52,0.6,0.71,0.7,0.76,0.87,0.81,0.84
321,"swing (object)","outside",0.11,0.16,0.21,0.31,0.37,0.38,0.48,0.55,0.61,0.68,0.7,0.71,0.87,0.74,0.77
322,"tree","outside",0.18,0.21,0.32,0.43,0.47,0.59,0.58,0.7,0.75,0.79,0.8,0.86,0.93,0.87,0.86
323,"water (not beverage)","outside",0.17,0.22,0.31,0.41,0.53,0.55,0.58,0.69,0.72,0.8,0.76,0.83,0.94,0.83,0.89
324,"wind","outside",0.02,0.04,0.07,0.13,0.14,0.19,0.23,0.34,0.36,0.47,0.45,0.53,0.69,0.61,0.66
325,"beach","places",0.02,0.05,0.07,0.1,0.14,0.2,0.25,0.29,0.33,0.37,0.45,0.52,0.67,0.58,0.67
326,"camping","places",0,0.02,0.01,0.01,0.01,0.05,0.05,0.08,0.11,0.13,0.17,0.17,0.29,0.23,0.29
327,"church*","places",0.04,0.05,0.09,0.16,0.18,0.18,0.23,0.23,0.26,0.39,0.38,0.43,0.53,0.41,0.44
328,"circus","places",0,0.01,0.02,0.02,0.02,0.02,0.04,0.07,0.08,0.14,0.16,0.19,0.33,0.21,0.28
329,"country","places",0,0.01,0.01,0.01,0.01,0.01,0.03,0.03,0.04,0.06,0.05,0.09,0.14,0.11,0.17
330,"downtown","places",0,0.01,0.01,0.03,0.02,0.03,0.03,0.06,0.08,0.1,0.11,0.15,0.22,0.2,0.22
331,"farm","places",0.01,0.02,0.02,0.08,0.1,0.14,0.15,0.25,0.27,0.34,0.41,0.42,0.57,0.5,0.58
332,"gas station","places",0,0.02,0.02,0.03,0.04,0.04,0.1,0.11,0.17,0.22,0.28,0.32,0.51,0.45,0.5
333,"home","places",0.09,0.18,0.23,0.34,0.4,0.44,0.53,0.6,0.68,0.76,0.77,0.8,0.9,0.82,0.83
334,"house","places",0.07,0.11,0.18,0.28,0.3,0.37,0.43,0.5,0.59,0.67,0.69,0.72,0.85,0.81,0.83
335,"movie","places",0.02,0.02,0.04,0.08,0.1,0.13,0.16,0.2,0.27,0.32,0.39,0.41,0.59,0.51,0.6
336,"outside","places",0.19,0.25,0.34,0.46,0.52,0.57,0.61,0.68,0.7,0.77,0.77,0.8,0.91,0.84,0.83
337,"park","places",0.06,0.1,0.18,0.26,0.28,0.33,0.44,0.52,0.59,0.66,0.68,0.69,0.84,0.78,0.85
338,"party","places",0.01,0.03,0.04,0.09,0.09,0.13,0.17,0.26,0.35,0.47,0.48,0.5,0.71,0.59,0.68
339,"picnic","places",0,0.02,0.03,0.05,0.04,0.06,0.09,0.14,0.19,0.25,0.3,0.34,0.48,0.44,0.48
340,"playground","places",0.01,0.03,0.05,0.08,0.09,0.13,0.19,0.32,0.31,0.38,0.41,0.47,0.57,0.6,0.65
341,"school","places",0.03,0.09,0.12,0.19,0.26,0.29,0.36,0.41,0.5,0.62,0.63,0.68,0.81,0.73,0.79
342,"store","places",0.02,0.05,0.09,0.19,0.22,0.26,0.35,0.4,0.47,0.59,0.64,0.64,0.84,0.72,0.73
343,"woods","places",0,0.02,0.01,0.03,0.02,0.04,0.05,0.08,0.09,0.12,0.14,0.2,0.26,0.23,0.27
344,"work (place)","places",0.02,0.05,0.11,0.16,0.21,0.22,0.3,0.39,0.48,0.57,0.61,0.63,0.81,0.69,0.73
345,"yard","places",0.01,0.03,0.04,0.08,0.09,0.11,0.16,0.19,0.25,0.34,0.38,0.43,0.57,0.48,0.52
346,"zoo","places",0.02,0.07,0.09,0.13,0.13,0.23,0.26,0.27,0.35,0.44,0.44,0.52,0.68,0.55,0.6
347,"aunt","people",0.06,0.08,0.12,0.17,0.18,0.2,0.28,0.37,0.43,0.47,0.49,0.56,0.7,0.59,0.63
348,"baby","people",0.49,0.58,0.65,0.74,0.74,0.84,0.83,0.83,0.88,0.92,0.89,0.92,0.96,0.95,0.94
349,"babysitter","people",0,0.01,0.01,0.03,0.03,0.03,0.04,0.07,0.11,0.15,0.12,0.17,0.31,0.26,0.23
350,"babysitter's name","people",0.12,0.15,0.17,0.25,0.25,0.3,0.29,0.34,0.39,0.47,0.45,0.49,0.63,0.44,0.47
351,"boy","people",0.06,0.11,0.16,0.26,0.29,0.31,0.37,0.43,0.51,0.58,0.63,0.66,0.83,0.74,0.78
352,"brother","people",0.07,0.14,0.15,0.17,0.19,0.21,0.28,0.3,0.31,0.39,0.46,0.44,0.58,0.59,0.59
353,"child","people",0.01,0.03,0.03,0.04,0.05,0.07,0.08,0.12,0.16,0.16,0.18,0.26,0.33,0.33,0.38
354,"clown","people",0.01,0.04,0.06,0.08,0.1,0.13,0.12,0.14,0.21,0.29,0.3,0.34,0.62,0.35,0.44
355,"cowboy","people",0,0.02,0.01,0.02,0.02,0.04,0.04,0.08,0.11,0.17,0.17,0.19,0.37,0.3,0.36
356,"daddy*","people",0.9,0.89,0.92,0.93,0.93,0.95,0.93,0.94,0.95,0.95,0.96,0.95,0.98,0.95,0.94
357,"doctor","people",0.06,0.04,0.09,0.17,0.2,0.24,0.27,0.33,0.41,0.55,0.55,0.62,0.77,0.71,0.76
358,"fireman","people",0,0.03,0.02,0.04,0.04,0.09,0.11,0.18,0.24,0.3,0.34,0.42,0.58,0.53,0.57
359,"friend","people",0.02,0.03,0.04,0.1,0.11,0.15,0.22,0.29,0.34,0.38,0.44,0.47,0.65,0.63,0.69
360,"girl","people",0.07,0.09,0.12,0.25,0.26,0.3,0.36,0.4,0.46,0.52,0.59,0.6,0.78,0.69,0.73
361,"grandma*","people",0.36,0.43,0.53,0.63,0.66,0.71,0.76,0.81,0.83,0.88,0.86,0.88,0.94,0.9,0.87
362,"grandpa*","people",0.32,0.38,0.46,0.56,0.59,0.62,0.7,0.76,0.76,0.82,0.84,0.83,0.91,0.86,0.84
363,"lady","people",0.01,0.02,0.04,0.08,0.11,0.12,0.16,0.18,0.25,0.29,0.35,0.39,0.55,0.45,0.48
364,"mailman","people",0.01,0.03,0.03,0.05,0.05,0.1,0.13,0.17,0.18,0.23,0.31,0.36,0.5,0.41,0.45
365,"man","people",0.03,0.06,0.07,0.15,0.16,0.2,0.27,0.3,0.37,0.44,0.47,0.51,0.7,0.59,0.63
366,"mommy*","people",0.89,0.9,0.93,0.94,0.95,0.95,0.95,0.93,0.96,0.96,0.96,0.97,0.98,0.97,0.95
367,"nurse","people",0.01,0.02,0.02,0.03,0.03,0.05,0.05,0.07,0.08,0.13,0.15,0.17,0.29,0.24,0.28
368,"child's own name","people",0.2,0.26,0.37,0.48,0.49,0.54,0.62,0.66,0.74,0.8,0.83,0.84,0.91,0.87,0.9
369,"people","people",0.03,0.04,0.06,0.12,0.1,0.13,0.19,0.28,0.31,0.34,0.39,0.45,0.61,0.53,0.61
370,"person","people",0,0.02,0.02,0.03,0.04,0.05,0.07,0.09,0.11,0.14,0.17,0.22,0.28,0.3,0.35
371,"pet's name","people",0.26,0.29,0.36,0.44,0.41,0.52,0.53,0.53,0.57,0.61,0.65,0.64,0.78,0.69,0.66
372,"police","people",0,0.02,0.02,0.03,0.03,0.07,0.09,0.14,0.19,0.27,0.31,0.35,0.52,0.48,0.55
373,"sister","people",0.11,0.14,0.15,0.17,0.23,0.21,0.31,0.31,0.34,0.39,0.42,0.46,0.56,0.56,0.59
374,"teacher","people",0.01,0.03,0.04,0.07,0.09,0.12,0.14,0.2,0.24,0.32,0.34,0.39,0.52,0.54,0.58
375,"uncle","people",0.04,0.05,0.09,0.14,0.16,0.18,0.28,0.34,0.4,0.46,0.48,0.5,0.67,0.59,0.65
376,"bath","games_routines",0.32,0.4,0.48,0.6,0.61,0.67,0.73,0.79,0.8,0.85,0.85,0.87,0.95,0.86,0.86
377,"breakfast","games_routines",0.04,0.08,0.11,0.2,0.22,0.28,0.36,0.44,0.5,0.58,0.62,0.64,0.8,0.74,0.74
378,"bye","games_routines",0.65,0.71,0.8,0.86,0.86,0.87,0.9,0.91,0.93,0.95,0.93,0.93,0.97,0.95,0.97
379,"call (on phone)","games_routines",0.11,0.11,0.16,0.24,0.27,0.33,0.42,0.48,0.53,0.63,0.65,0.68,0.78,0.73,0.76
380,"dinner","games_routines",0.04,0.06,0.08,0.17,0.2,0.27,0.34,0.43,0.48,0.59,0.6,0.65,0.79,0.72,0.75
381,"give me five!","games_routines",0.09,0.1,0.16,0.23,0.24,0.3,0.32,0.37,0.44,0.54,0.51,0.57,0.69,0.67,0.73
382,"gonna get you!","games_routines",0.07,0.1,0.15,0.2,0.22,0.26,0.3,0.38,0.43,0.55,0.57,0.58,0.74,0.63,0.71
383,"go potty","games_routines",0.07,0.11,0.17,0.26,0.33,0.35,0.46,0.53,0.59,0.69,0.7,0.76,0.87,0.79,0.81
384,"hello","games_routines",0.43,0.46,0.47,0.52,0.57,0.64,0.66,0.72,0.72,0.73,0.73,0.76,0.81,0.83,0.88
385,"hi","games_routines",0.52,0.56,0.66,0.75,0.72,0.79,0.8,0.79,0.86,0.91,0.9,0.92,0.96,0.91,0.9
386,"lunch","games_routines",0.05,0.06,0.1,0.19,0.2,0.26,0.34,0.41,0.47,0.57,0.63,0.64,0.78,0.73,0.76
387,"nap","games_routines",0.08,0.12,0.17,0.28,0.3,0.37,0.46,0.55,0.61,0.71,0.71,0.76,0.88,0.81,0.81
388,"night night","games_routines",0.38,0.37,0.51,0.62,0.63,0.68,0.75,0.74,0.78,0.83,0.84,0.87,0.93,0.88,0.87
389,"no","games_routines",0.56,0.64,0.73,0.8,0.82,0.85,0.9,0.85,0.91,0.93,0.94,0.94,0.97,0.95,0.97
390,"pattycake","games_routines",0.05,0.09,0.13,0.21,0.2,0.26,0.27,0.32,0.33,0.45,0.44,0.47,0.67,0.49,0.54
391,"peekaboo","games_routines",0.26,0.34,0.42,0.51,0.52,0.56,0.61,0.66,0.72,0.78,0.78,0.79,0.9,0.8,0.85
392,"please","games_routines",0.24,0.34,0.42,0.57,0.57,0.68,0.73,0.79,0.81,0.87,0.86,0.91,0.96,0.93,0.95
393,"shh/shush/hush","games_routines",0.29,0.4,0.45,0.56,0.56,0.64,0.68,0.72,0.73,0.84,0.81,0.84,0.91,0.84,0.87
394,"shopping","games_routines",0.02,0.03,0.06,0.11,0.12,0.13,0.2,0.29,0.35,0.43,0.47,0.52,0.7,0.6,0.66
395,"snack","games_routines",0.11,0.13,0.19,0.26,0.28,0.33,0.45,0.52,0.56,0.62,0.64,0.7,0.78,0.73,0.8
396,"so big!","games_routines",0.06,0.07,0.11,0.14,0.18,0.21,0.25,0.32,0.39,0.45,0.5,0.5,0.6,0.6,0.63
397,"thank you","games_routines",0.29,0.36,0.47,0.61,0.61,0.67,0.75,0.78,0.8,0.89,0.86,0.9,0.95,0.94,0.96
398,"this little piggy","games_routines",0.03,0.04,0.07,0.14,0.13,0.14,0.19,0.26,0.32,0.42,0.41,0.43,0.65,0.49,0.56
399,"turn around","games_routines",0.02,0.05,0.05,0.11,0.13,0.16,0.19,0.3,0.36,0.44,0.45,0.53,0.68,0.59,0.66
400,"yes","games_routines",0.31,0.41,0.47,0.6,0.61,0.75,0.79,0.79,0.83,0.9,0.9,0.9,0.95,0.94,0.94
401,"bite","action_words",0.14,0.14,0.2,0.33,0.33,0.37,0.48,0.51,0.58,0.69,0.67,0.72,0.88,0.75,0.78
402,"blow","action_words",0.06,0.07,0.1,0.21,0.23,0.28,0.32,0.4,0.49,0.61,0.59,0.64,0.82,0.69,0.71
403,"break","action_words",0.01,0.03,0.06,0.11,0.15,0.19,0.26,0.36,0.44,0.5,0.56,0.57,0.8,0.68,0.73
404,"bring","action_words",0.02,0.03,0.05,0.09,0.11,0.13,0.18,0.29,0.32,0.41,0.41,0.5,0.65,0.58,0.63
405,"build","action_words",0.01,0.03,0.02,0.07,0.06,0.11,0.16,0.24,0.3,0.38,0.44,0.48,0.62,0.6,0.65
406,"bump","action_words",0.03,0.05,0.1,0.15,0.16,0.17,0.24,0.31,0.35,0.41,0.48,0.44,0.67,0.57,0.61
407,"buy","action_words",0.01,0.03,0.03,0.06,0.07,0.09,0.12,0.19,0.23,0.29,0.34,0.44,0.59,0.54,0.62
408,"carry","action_words",0.02,0.04,0.04,0.11,0.12,0.17,0.26,0.33,0.4,0.51,0.54,0.58,0.72,0.68,0.69
409,"catch","action_words",0.02,0.05,0.07,0.11,0.13,0.18,0.24,0.31,0.39,0.5,0.53,0.56,0.75,0.69,0.72
410,"chase","action_words",0.02,0.03,0.04,0.09,0.08,0.1,0.15,0.21,0.29,0.33,0.34,0.38,0.57,0.48,0.55
411,"clap","action_words",0.06,0.13,0.17,0.28,0.3,0.34,0.39,0.48,0.53,0.63,0.63,0.66,0.79,0.76,0.75
412,"clean (action)","action_words",0.02,0.06,0.11,0.19,0.23,0.29,0.36,0.43,0.52,0.59,0.63,0.65,0.83,0.73,0.79
413,"climb","action_words",0.03,0.04,0.06,0.11,0.14,0.17,0.28,0.33,0.41,0.5,0.51,0.54,0.73,0.63,0.7
414,"close","action_words",0.06,0.06,0.11,0.15,0.2,0.23,0.32,0.4,0.48,0.56,0.56,0.6,0.8,0.71,0.77
415,"cook","action_words",0.03,0.05,0.06,0.16,0.15,0.22,0.3,0.34,0.42,0.54,0.54,0.57,0.74,0.66,0.71
416,"cover","action_words",0.01,0.02,0.03,0.05,0.04,0.1,0.1,0.16,0.22,0.29,0.31,0.37,0.57,0.5,0.52
417,"cry","action_words",0.06,0.05,0.11,0.19,0.27,0.31,0.39,0.46,0.52,0.68,0.69,0.7,0.88,0.81,0.81
418,"cut","action_words",0,0.03,0.03,0.07,0.09,0.13,0.18,0.25,0.31,0.4,0.45,0.51,0.68,0.61,0.65
419,"dance","action_words",0.07,0.11,0.15,0.25,0.25,0.34,0.38,0.52,0.53,0.64,0.65,0.69,0.82,0.77,0.8
420,"draw","action_words",0.03,0.05,0.05,0.15,0.14,0.2,0.29,0.35,0.4,0.51,0.51,0.59,0.73,0.67,0.7
421,"drink (action)","action_words",0.13,0.13,0.23,0.35,0.35,0.45,0.48,0.56,0.62,0.75,0.73,0.74,0.89,0.8,0.82
422,"drive","action_words",0.01,0.04,0.06,0.14,0.12,0.2,0.24,0.37,0.42,0.52,0.52,0.57,0.78,0.67,0.71
423,"drop","action_words",0.02,0.04,0.05,0.11,0.12,0.12,0.21,0.29,0.36,0.45,0.48,0.52,0.71,0.61,0.66
424,"dry (action)","action_words",0.01,0.03,0.05,0.08,0.1,0.13,0.16,0.27,0.29,0.37,0.39,0.48,0.67,0.56,0.59
425,"dump","action_words",0.01,0.02,0.02,0.05,0.08,0.08,0.12,0.18,0.22,0.25,0.26,0.33,0.44,0.43,0.42
426,"eat","action_words",0.2,0.21,0.35,0.47,0.47,0.55,0.66,0.68,0.74,0.83,0.82,0.86,0.94,0.89,0.89
427,"fall","action_words",0.04,0.06,0.09,0.19,0.23,0.26,0.39,0.47,0.56,0.65,0.7,0.7,0.86,0.78,0.79
428,"feed","action_words",0.02,0.03,0.04,0.09,0.1,0.13,0.16,0.25,0.29,0.36,0.42,0.48,0.66,0.53,0.6
429,"find","action_words",0.02,0.03,0.04,0.1,0.12,0.18,0.23,0.34,0.38,0.48,0.48,0.56,0.76,0.68,0.71
430,"finish","action_words",0.01,0.03,0.04,0.08,0.08,0.08,0.15,0.25,0.26,0.31,0.36,0.38,0.56,0.55,0.63
431,"fit","action_words",0,0.02,0.02,0.06,0.03,0.05,0.09,0.16,0.21,0.23,0.3,0.34,0.51,0.44,0.53
432,"fix","action_words",0.02,0.03,0.05,0.13,0.14,0.19,0.24,0.35,0.41,0.51,0.54,0.6,0.79,0.66,0.73
433,"get","action_words",0.07,0.07,0.11,0.21,0.21,0.26,0.34,0.39,0.48,0.58,0.6,0.62,0.82,0.73,0.76
434,"give","action_words",0.03,0.05,0.06,0.1,0.13,0.16,0.22,0.31,0.38,0.48,0.51,0.55,0.75,0.69,0.73
435,"go","action_words",0.25,0.29,0.38,0.5,0.54,0.6,0.68,0.68,0.76,0.83,0.82,0.84,0.93,0.89,0.91
436,"hate","action_words",0,0.02,0.01,0.02,0.01,0.01,0.02,0.05,0.04,0.08,0.1,0.14,0.2,0.18,0.2
437,"have","action_words",0.01,0.03,0.04,0.1,0.11,0.16,0.2,0.3,0.37,0.43,0.49,0.54,0.72,0.64,0.7
438,"hear","action_words",0.02,0.03,0.03,0.09,0.08,0.1,0.17,0.24,0.31,0.37,0.41,0.47,0.65,0.6,0.66
439,"help","action_words",0.09,0.12,0.2,0.27,0.32,0.38,0.46,0.55,0.6,0.7,0.73,0.74,0.88,0.82,0.85
440,"hide","action_words",0.01,0.03,0.05,0.12,0.13,0.2,0.27,0.35,0.42,0.51,0.53,0.57,0.76,0.69,0.73
441,"hit","action_words",0.03,0.04,0.07,0.13,0.16,0.18,0.31,0.39,0.43,0.58,0.57,0.63,0.8,0.7,0.76
442,"hold","action_words",0.02,0.03,0.06,0.14,0.13,0.19,0.27,0.37,0.42,0.49,0.55,0.58,0.78,0.66,0.7
443,"hug","action_words",0.15,0.15,0.23,0.32,0.38,0.41,0.49,0.61,0.64,0.73,0.74,0.79,0.89,0.84,0.85
444,"hurry","action_words",0.01,0.03,0.04,0.07,0.07,0.1,0.15,0.17,0.24,0.33,0.37,0.4,0.62,0.52,0.58
445,"jump","action_words",0.04,0.08,0.13,0.24,0.26,0.29,0.43,0.55,0.61,0.68,0.69,0.71,0.86,0.8,0.85
446,"kick","action_words",0.05,0.06,0.1,0.2,0.19,0.22,0.31,0.38,0.47,0.56,0.55,0.62,0.77,0.72,0.74
447,"kiss","action_words",0.11,0.21,0.26,0.37,0.39,0.45,0.54,0.61,0.68,0.77,0.79,0.82,0.91,0.88,0.87
448,"knock","action_words",0.04,0.06,0.09,0.14,0.15,0.17,0.27,0.31,0.38,0.45,0.48,0.52,0.69,0.6,0.65
449,"lick","action_words",0.01,0.03,0.02,0.07,0.06,0.08,0.17,0.21,0.26,0.33,0.36,0.44,0.6,0.54,0.6
450,"like","action_words",0.01,0.02,0.03,0.1,0.1,0.12,0.19,0.3,0.37,0.43,0.51,0.57,0.74,0.68,0.74
451,"listen","action_words",0.01,0.03,0.03,0.07,0.08,0.09,0.15,0.2,0.26,0.33,0.31,0.42,0.56,0.53,0.6
452,"look","action_words",0.06,0.07,0.11,0.2,0.18,0.21,0.33,0.4,0.49,0.61,0.64,0.67,0.83,0.78,0.8
453,"love","action_words",0.09,0.11,0.15,0.26,0.29,0.35,0.44,0.47,0.55,0.65,0.67,0.71,0.85,0.8,0.83
454,"make","action_words",0,0.02,0.02,0.06,0.06,0.1,0.18,0.22,0.29,0.37,0.41,0.49,0.7,0.59,0.64
455,"open","action_words",0.1,0.15,0.19,0.31,0.35,0.41,0.48,0.56,0.64,0.75,0.74,0.77,0.89,0.84,0.86
456,"paint","action_words",0,0.03,0.04,0.07,0.1,0.17,0.2,0.3,0.35,0.4,0.45,0.52,0.7,0.65,0.68
457,"pick","action_words",0,0.02,0.03,0.07,0.06,0.09,0.13,0.18,0.23,0.3,0.32,0.41,0.54,0.52,0.58
458,"play","action_words",0.08,0.08,0.16,0.23,0.28,0.37,0.44,0.56,0.61,0.68,0.72,0.77,0.88,0.82,0.87
459,"pour","action_words",0,0.03,0.02,0.06,0.05,0.09,0.14,0.19,0.23,0.3,0.33,0.42,0.57,0.48,0.52
460,"pretend","action_words",0,0.01,0.02,0.03,0.02,0.02,0.06,0.09,0.12,0.17,0.19,0.26,0.38,0.38,0.44
461,"pull","action_words",0.02,0.03,0.05,0.11,0.11,0.16,0.24,0.28,0.34,0.44,0.46,0.53,0.69,0.6,0.65
462,"push","action_words",0.03,0.06,0.09,0.16,0.19,0.24,0.31,0.4,0.46,0.57,0.55,0.62,0.78,0.73,0.76
463,"put","action_words",0.01,0.03,0.04,0.09,0.09,0.14,0.16,0.25,0.3,0.4,0.43,0.47,0.65,0.59,0.63
464,"read","action_words",0.08,0.11,0.16,0.25,0.29,0.34,0.41,0.51,0.58,0.69,0.7,0.7,0.88,0.79,0.78
465,"ride","action_words",0.01,0.04,0.09,0.16,0.19,0.23,0.31,0.38,0.45,0.58,0.59,0.6,0.82,0.7,0.7
466,"rip","action_words",0,0.02,0.02,0.04,0.04,0.05,0.07,0.13,0.14,0.16,0.22,0.28,0.38,0.37,0.39
467,"run","action_words",0.03,0.04,0.12,0.2,0.22,0.27,0.38,0.48,0.54,0.65,0.67,0.67,0.83,0.77,0.81
468,"say","action_words",0.02,0.03,0.04,0.1,0.09,0.13,0.15,0.22,0.29,0.35,0.41,0.47,0.63,0.58,0.63
469,"see","action_words",0.06,0.1,0.15,0.26,0.29,0.33,0.43,0.46,0.55,0.66,0.68,0.73,0.83,0.76,0.79
470,"shake","action_words",0.02,0.03,0.06,0.12,0.1,0.16,0.2,0.26,0.31,0.36,0.4,0.47,0.59,0.56,0.58
471,"share","action_words",0,0.03,0.03,0.08,0.09,0.15,0.21,0.27,0.34,0.42,0.44,0.52,0.68,0.6,0.68
472,"show","action_words",0.01,0.02,0.03,0.06,0.07,0.13,0.16,0.22,0.28,0.34,0.37,0.46,0.62,0.55,0.62
473,"sing","action_words",0.03,0.05,0.07,0.14,0.16,0.23,0.34,0.39,0.47,0.59,0.6,0.63,0.79,0.7,0.76
474,"sit","action_words",0.11,0.14,0.21,0.35,0.34,0.4,0.5,0.58,0.64,0.72,0.73,0.73,0.89,0.79,0.8
475,"skate","action_words",0,0.01,0.01,0.03,0.03,0.04,0.06,0.09,0.11,0.14,0.14,0.22,0.39,0.27,0.36
476,"sleep","action_words",0.05,0.06,0.14,0.23,0.28,0.33,0.41,0.53,0.59,0.68,0.71,0.78,0.88,0.84,0.83
477,"slide (action)","action_words",0.04,0.06,0.11,0.17,0.2,0.27,0.29,0.4,0.44,0.54,0.56,0.55,0.76,0.64,0.67
478,"smile","action_words",0.02,0.03,0.04,0.1,0.1,0.15,0.19,0.26,0.31,0.4,0.43,0.48,0.64,0.6,0.66
479,"spill","action_words",0,0.03,0.03,0.07,0.08,0.13,0.19,0.23,0.29,0.37,0.44,0.48,0.67,0.6,0.63
480,"splash","action_words",0.03,0.06,0.09,0.15,0.16,0.15,0.26,0.32,0.4,0.46,0.52,0.55,0.72,0.64,0.69
481,"stand","action_words",0.01,0.03,0.05,0.09,0.13,0.17,0.22,0.29,0.35,0.41,0.47,0.54,0.68,0.63,0.65
482,"stay","action_words",0,0.03,0.04,0.08,0.09,0.12,0.18,0.3,0.33,0.4,0.45,0.5,0.68,0.58,0.66
483,"stop","action_words",0.08,0.09,0.18,0.24,0.28,0.37,0.44,0.53,0.59,0.7,0.72,0.74,0.88,0.81,0.85
484,"sweep","action_words",0.01,0.04,0.06,0.1,0.12,0.15,0.24,0.28,0.33,0.41,0.41,0.47,0.67,0.57,0.59
485,"swim","action_words",0.03,0.06,0.09,0.15,0.17,0.23,0.3,0.39,0.45,0.56,0.58,0.58,0.77,0.69,0.76
486,"swing (action)","action_words",0.08,0.09,0.14,0.24,0.28,0.31,0.37,0.45,0.5,0.62,0.61,0.59,0.82,0.68,0.72
487,"take","action_words",0.01,0.02,0.03,0.06,0.09,0.11,0.15,0.24,0.31,0.38,0.4,0.47,0.65,0.62,0.65
488,"talk","action_words",0.01,0.03,0.06,0.11,0.12,0.12,0.2,0.27,0.34,0.44,0.46,0.52,0.73,0.66,0.7
489,"taste","action_words",0.01,0.02,0.02,0.06,0.07,0.09,0.14,0.19,0.22,0.29,0.33,0.4,0.58,0.48,0.55
490,"tear","action_words",0,0.02,0.02,0.03,0.03,0.04,0.08,0.09,0.14,0.18,0.19,0.28,0.41,0.36,0.39
491,"think","action_words",0,0.02,0.02,0.03,0.02,0.03,0.06,0.1,0.11,0.16,0.21,0.25,0.4,0.37,0.44
492,"throw","action_words",0.02,0.06,0.1,0.15,0.16,0.23,0.26,0.39,0.47,0.58,0.58,0.59,0.8,0.7,0.73
493,"tickle","action_words",0.08,0.11,0.18,0.26,0.25,0.26,0.36,0.46,0.52,0.63,0.62,0.63,0.82,0.73,0.75
494,"touch","action_words",0.02,0.04,0.06,0.12,0.13,0.15,0.21,0.31,0.35,0.44,0.44,0.53,0.71,0.65,0.7
495,"wait","action_words",0.02,0.03,0.06,0.12,0.13,0.15,0.23,0.31,0.35,0.43,0.42,0.55,0.69,0.65,0.71
496,"wake","action_words",0,0.02,0.02,0.08,0.06,0.13,0.16,0.22,0.3,0.37,0.43,0.47,0.67,0.59,0.64
497,"walk","action_words",0.07,0.11,0.17,0.29,0.31,0.35,0.45,0.53,0.59,0.68,0.67,0.67,0.86,0.76,0.78
498,"wash","action_words",0.03,0.06,0.1,0.2,0.24,0.28,0.37,0.44,0.52,0.64,0.63,0.63,0.84,0.7,0.76
499,"watch (action)","action_words",0.02,0.02,0.05,0.1,0.12,0.18,0.23,0.32,0.36,0.43,0.47,0.53,0.71,0.63,0.69
500,"wipe","action_words",0.03,0.06,0.06,0.14,0.13,0.21,0.26,0.33,0.41,0.44,0.48,0.5,0.7,0.65,0.66
501,"wish","action_words",0,0.02,0.01,0.02,0.02,0.03,0.03,0.05,0.07,0.09,0.11,0.16,0.24,0.23,0.29
502,"work (action)","action_words",0.02,0.03,0.06,0.13,0.15,0.18,0.23,0.34,0.39,0.46,0.51,0.51,0.76,0.59,0.68
503,"write","action_words",0.01,0.02,0.03,0.09,0.09,0.16,0.17,0.21,0.25,0.37,0.33,0.44,0.6,0.51,0.55
504,"all gone","descriptive_words",0.27,0.35,0.44,0.55,0.58,0.66,0.66,0.73,0.78,0.81,0.79,0.81,0.92,0.82,0.81
505,"asleep","descriptive_words",0.03,0.05,0.08,0.17,0.19,0.26,0.3,0.4,0.47,0.57,0.58,0.58,0.76,0.68,0.72
506,"awake","descriptive_words",0.01,0.03,0.04,0.1,0.1,0.18,0.22,0.32,0.36,0.46,0.47,0.56,0.71,0.65,0.7
507,"bad","descriptive_words",0.05,0.09,0.1,0.14,0.19,0.23,0.28,0.33,0.41,0.51,0.53,0.59,0.73,0.64,0.71
508,"better","descriptive_words",0.01,0.03,0.04,0.09,0.08,0.13,0.2,0.23,0.28,0.34,0.41,0.48,0.61,0.53,0.61
509,"big","descriptive_words",0.05,0.1,0.15,0.24,0.32,0.37,0.46,0.55,0.62,0.71,0.72,0.76,0.88,0.82,0.82
510,"black","descriptive_words",0.03,0.04,0.06,0.12,0.13,0.17,0.27,0.34,0.4,0.47,0.48,0.53,0.7,0.66,0.71
511,"blue","descriptive_words",0.07,0.12,0.18,0.28,0.32,0.35,0.42,0.57,0.62,0.69,0.68,0.74,0.85,0.81,0.84
512,"broken","descriptive_words",0.03,0.04,0.09,0.16,0.22,0.28,0.36,0.47,0.55,0.62,0.66,0.68,0.86,0.76,0.8
513,"brown","descriptive_words",0.01,0.04,0.04,0.11,0.1,0.13,0.21,0.29,0.35,0.4,0.44,0.49,0.64,0.6,0.66
514,"careful","descriptive_words",0.02,0.03,0.06,0.12,0.13,0.17,0.22,0.29,0.33,0.44,0.44,0.5,0.7,0.61,0.67
515,"clean (description)","descriptive_words",0.02,0.05,0.11,0.2,0.21,0.29,0.37,0.43,0.51,0.6,0.63,0.63,0.81,0.74,0.79
516,"cold","descriptive_words",0.11,0.15,0.27,0.36,0.44,0.48,0.54,0.62,0.69,0.77,0.79,0.75,0.92,0.84,0.86
517,"cute","descriptive_words",0.02,0.05,0.07,0.1,0.14,0.19,0.21,0.3,0.33,0.35,0.42,0.44,0.59,0.56,0.6
518,"dark","descriptive_words",0.02,0.03,0.06,0.1,0.13,0.15,0.21,0.29,0.39,0.48,0.46,0.51,0.72,0.64,0.66
519,"dirty","descriptive_words",0.05,0.1,0.15,0.27,0.34,0.4,0.42,0.52,0.61,0.7,0.71,0.72,0.87,0.8,0.82
520,"dry (description)","descriptive_words",0.02,0.03,0.05,0.11,0.1,0.15,0.19,0.29,0.33,0.38,0.43,0.47,0.71,0.6,0.63
521,"empty","descriptive_words",0.04,0.03,0.07,0.14,0.14,0.19,0.22,0.3,0.37,0.43,0.44,0.52,0.66,0.58,0.63
522,"fast","descriptive_words",0.01,0.04,0.05,0.08,0.13,0.17,0.24,0.35,0.41,0.47,0.52,0.56,0.72,0.68,0.72
523,"fine","descriptive_words",0,0.02,0.02,0.02,0.03,0.05,0.07,0.11,0.14,0.18,0.2,0.28,0.38,0.33,0.4
524,"first","descriptive_words",0,0.02,0.02,0.04,0.05,0.06,0.12,0.15,0.18,0.25,0.28,0.38,0.53,0.49,0.54
525,"full","descriptive_words",0.01,0.02,0.04,0.08,0.09,0.13,0.16,0.21,0.29,0.33,0.38,0.46,0.64,0.56,0.64
526,"gentle","descriptive_words",0.03,0.08,0.1,0.13,0.11,0.17,0.2,0.28,0.33,0.39,0.37,0.42,0.54,0.51,0.58
527,"good","descriptive_words",0.04,0.11,0.15,0.2,0.24,0.28,0.32,0.4,0.48,0.56,0.6,0.64,0.81,0.76,0.76
528,"green","descriptive_words",0.03,0.08,0.1,0.2,0.2,0.29,0.31,0.47,0.5,0.58,0.57,0.64,0.79,0.75,0.79
529,"happy","descriptive_words",0.07,0.1,0.14,0.22,0.28,0.31,0.35,0.46,0.5,0.6,0.6,0.68,0.77,0.75,0.8
530,"hard","descriptive_words",0.01,0.02,0.03,0.07,0.06,0.1,0.12,0.2,0.24,0.32,0.33,0.39,0.59,0.56,0.57
531,"heavy","descriptive_words",0.03,0.05,0.05,0.13,0.17,0.2,0.29,0.36,0.44,0.52,0.55,0.62,0.78,0.72,0.75
532,"high","descriptive_words",0.01,0.03,0.05,0.08,0.08,0.15,0.19,0.26,0.33,0.41,0.42,0.48,0.66,0.61,0.66
533,"hot","descriptive_words",0.3,0.33,0.46,0.59,0.63,0.68,0.64,0.71,0.77,0.84,0.82,0.8,0.95,0.88,0.87
534,"hungry","descriptive_words",0.04,0.08,0.11,0.18,0.21,0.25,0.33,0.39,0.48,0.54,0.56,0.66,0.8,0.75,0.78
535,"hurt","descriptive_words",0.03,0.05,0.08,0.15,0.21,0.2,0.27,0.4,0.45,0.57,0.56,0.6,0.79,0.69,0.73
536,"last","descriptive_words",0,0.02,0.02,0.03,0.02,0.03,0.05,0.09,0.1,0.11,0.15,0.2,0.32,0.31,0.36
537,"little (description)","descriptive_words",0,0.04,0.05,0.1,0.11,0.15,0.22,0.32,0.39,0.5,0.53,0.55,0.76,0.69,0.72
538,"long","descriptive_words",0,0.02,0.02,0.04,0.03,0.04,0.06,0.11,0.15,0.18,0.21,0.27,0.43,0.41,0.49
539,"loud","descriptive_words",0.01,0.03,0.04,0.08,0.1,0.13,0.19,0.31,0.35,0.42,0.49,0.54,0.66,0.63,0.71
540,"mad","descriptive_words",0,0.03,0.03,0.04,0.06,0.07,0.14,0.16,0.23,0.29,0.31,0.43,0.56,0.52,0.56
541,"naughty","descriptive_words",0.01,0.03,0.05,0.05,0.05,0.04,0.05,0.08,0.15,0.16,0.18,0.2,0.29,0.3,0.28
542,"new","descriptive_words",0,0.02,0.03,0.05,0.07,0.1,0.1,0.18,0.22,0.28,0.34,0.36,0.55,0.5,0.55
543,"nice","descriptive_words",0.04,0.05,0.1,0.18,0.21,0.25,0.26,0.35,0.38,0.44,0.49,0.55,0.71,0.64,0.69
544,"noisy","descriptive_words",0,0.03,0.03,0.07,0.07,0.1,0.14,0.2,0.24,0.26,0.33,0.38,0.53,0.52,0.52
545,"old","descriptive_words",0,0.03,0.02,0.04,0.03,0.07,0.09,0.13,0.17,0.19,0.23,0.3,0.46,0.42,0.46
546,"orange (description)","descriptive_words",0.03,0.06,0.07,0.2,0.2,0.29,0.33,0.43,0.5,0.58,0.59,0.66,0.79,0.76,0.76
547,"poor","descriptive_words",0,0.01,0.02,0.02,0.02,0.02,0.03,0.05,0.06,0.09,0.11,0.12,0.25,0.21,0.24
548,"pretty","descriptive_words",0.07,0.1,0.11,0.22,0.23,0.26,0.36,0.35,0.39,0.49,0.49,0.5,0.73,0.61,0.66
549,"quiet","descriptive_words",0.01,0.03,0.04,0.07,0.07,0.14,0.18,0.26,0.33,0.39,0.42,0.46,0.66,0.59,0.66
550,"red","descriptive_words",0.05,0.09,0.11,0.2,0.23,0.31,0.35,0.48,0.52,0.6,0.63,0.67,0.8,0.77,0.78
551,"sad","descriptive_words",0.01,0.03,0.04,0.09,0.11,0.16,0.22,0.32,0.37,0.43,0.45,0.52,0.69,0.64,0.7
552,"scared","descriptive_words",0.01,0.02,0.03,0.05,0.07,0.11,0.15,0.26,0.31,0.37,0.43,0.53,0.71,0.61,0.69
553,"sick","descriptive_words",0,0.03,0.03,0.07,0.08,0.13,0.18,0.23,0.29,0.37,0.39,0.5,0.69,0.59,0.66
554,"sleepy","descriptive_words",0.03,0.05,0.09,0.14,0.16,0.2,0.26,0.34,0.4,0.49,0.56,0.56,0.72,0.63,0.67
555,"slow","descriptive_words",0,0.02,0.02,0.06,0.04,0.1,0.09,0.16,0.21,0.26,0.28,0.36,0.51,0.53,0.57
556,"soft","descriptive_words",0.02,0.05,0.08,0.16,0.14,0.16,0.19,0.32,0.35,0.43,0.45,0.5,0.68,0.61,0.65
557,"sticky","descriptive_words",0.03,0.04,0.06,0.11,0.12,0.14,0.21,0.27,0.33,0.42,0.43,0.46,0.66,0.61,0.63
558,"stuck","descriptive_words",0.03,0.07,0.08,0.15,0.19,0.21,0.23,0.33,0.39,0.43,0.46,0.54,0.71,0.61,0.62
559,"thirsty","descriptive_words",0.02,0.04,0.06,0.12,0.15,0.16,0.24,0.31,0.37,0.41,0.47,0.54,0.71,0.59,0.67
560,"tiny","descriptive_words",0,0.02,0.02,0.03,0.04,0.06,0.07,0.15,0.17,0.16,0.22,0.26,0.39,0.39,0.43
561,"tired","descriptive_words",0,0.04,0.05,0.1,0.11,0.16,0.23,0.32,0.37,0.44,0.49,0.53,0.75,0.66,0.71
562,"wet","descriptive_words",0.05,0.1,0.14,0.27,0.32,0.4,0.42,0.54,0.59,0.7,0.73,0.72,0.89,0.79,0.82
563,"white","descriptive_words",0.01,0.03,0.04,0.09,0.11,0.15,0.22,0.33,0.35,0.39,0.44,0.51,0.67,0.65,0.66
564,"windy","descriptive_words",0.02,0.04,0.04,0.1,0.11,0.11,0.14,0.28,0.31,0.38,0.4,0.45,0.6,0.55,0.61
565,"yellow","descriptive_words",0.05,0.08,0.11,0.23,0.25,0.29,0.36,0.45,0.53,0.59,0.6,0.69,0.78,0.75,0.78
566,"yucky","descriptive_words",0.15,0.16,0.29,0.37,0.37,0.41,0.45,0.56,0.57,0.68,0.67,0.66,0.83,0.73,0.76
567,"after","time_words",0,0.02,0.02,0.02,0.04,0.06,0.09,0.13,0.17,0.21,0.26,0.31,0.45,0.44,0.48
568,"before","time_words",0,0.02,0.01,0.01,0.01,0.03,0.06,0.06,0.09,0.11,0.17,0.19,0.27,0.32,0.36
569,"day","time_words",0.01,0.04,0.04,0.07,0.07,0.1,0.16,0.22,0.22,0.3,0.33,0.44,0.51,0.51,0.56
570,"later","time_words",0,0.02,0.03,0.07,0.09,0.12,0.16,0.22,0.26,0.32,0.36,0.41,0.6,0.53,0.57
571,"morning","time_words",0.02,0.04,0.07,0.1,0.12,0.15,0.21,0.3,0.3,0.39,0.43,0.53,0.62,0.62,0.68
572,"night","time_words",0.06,0.11,0.13,0.21,0.22,0.29,0.38,0.44,0.45,0.55,0.58,0.63,0.74,0.68,0.79
573,"now","time_words",0.03,0.04,0.08,0.11,0.15,0.22,0.25,0.32,0.36,0.44,0.55,0.6,0.74,0.65,0.71
574,"time","time_words",0,0.02,0.02,0.04,0.05,0.05,0.08,0.11,0.11,0.14,0.19,0.22,0.37,0.33,0.39
575,"today","time_words",0,0.03,0.03,0.04,0.04,0.06,0.09,0.15,0.19,0.23,0.27,0.38,0.47,0.46,0.53
576,"tomorrow","time_words",0,0.03,0.02,0.05,0.07,0.08,0.09,0.15,0.19,0.23,0.29,0.39,0.48,0.44,0.51
577,"tonight","time_words",0,0.02,0.02,0.04,0.03,0.02,0.05,0.11,0.11,0.14,0.18,0.23,0.35,0.34,0.37
578,"yesterday","time_words",0,0.02,0.01,0.02,0.02,0.01,0.03,0.06,0.08,0.1,0.12,0.17,0.27,0.25,0.32
579,"he","pronouns",0,0.02,0.03,0.04,0.06,0.09,0.14,0.16,0.21,0.25,0.32,0.43,0.56,0.54,0.57
580,"her","pronouns",0,0.02,0.02,0.04,0.04,0.05,0.08,0.12,0.15,0.21,0.24,0.31,0.42,0.41,0.47
581,"hers","pronouns",0,0.02,0.02,0.02,0.03,0.03,0.06,0.08,0.1,0.13,0.15,0.22,0.32,0.28,0.35
582,"him","pronouns",0,0.02,0.01,0.04,0.03,0.05,0.08,0.11,0.13,0.17,0.24,0.29,0.41,0.38,0.45
583,"his","pronouns",0,0.02,0.01,0.02,0.03,0.05,0.08,0.1,0.13,0.18,0.2,0.26,0.38,0.36,0.43
584,"I","pronouns",0.04,0.09,0.14,0.23,0.22,0.29,0.32,0.4,0.44,0.6,0.6,0.62,0.79,0.72,0.78
585,"it","pronouns",0.03,0.05,0.07,0.13,0.14,0.16,0.23,0.28,0.31,0.41,0.41,0.47,0.67,0.59,0.65
586,"me","pronouns",0.11,0.19,0.25,0.34,0.37,0.42,0.46,0.54,0.6,0.69,0.69,0.76,0.85,0.81,0.83
587,"mine","pronouns",0.19,0.22,0.35,0.44,0.49,0.6,0.64,0.66,0.72,0.81,0.79,0.82,0.9,0.88,0.86
588,"my","pronouns",0.07,0.07,0.09,0.2,0.21,0.25,0.3,0.36,0.47,0.54,0.59,0.58,0.78,0.74,0.74
589,"myself","pronouns",0,0.02,0.02,0.02,0.02,0.02,0.07,0.12,0.13,0.16,0.21,0.22,0.39,0.32,0.41
590,"our","pronouns",0,0.02,0.01,0.02,0.02,0.03,0.05,0.07,0.08,0.11,0.15,0.2,0.3,0.27,0.32
591,"she","pronouns",0,0.02,0.03,0.05,0.04,0.07,0.11,0.12,0.18,0.21,0.3,0.36,0.46,0.48,0.51
592,"that","pronouns",0.13,0.17,0.16,0.22,0.26,0.26,0.35,0.39,0.44,0.52,0.55,0.59,0.76,0.65,0.7
593,"their","pronouns",0,0.02,0.01,0.02,0.02,0.02,0.03,0.05,0.06,0.08,0.11,0.18,0.25,0.24,0.27
594,"them","pronouns",0,0.01,0.01,0.03,0.03,0.03,0.06,0.08,0.09,0.14,0.19,0.24,0.33,0.3,0.34
595,"these","pronouns",0.02,0.03,0.04,0.05,0.08,0.08,0.11,0.15,0.18,0.25,0.31,0.35,0.48,0.41,0.44
596,"they","pronouns",0,0.02,0.01,0.02,0.03,0.02,0.04,0.08,0.1,0.12,0.18,0.23,0.34,0.35,0.4
597,"this","pronouns",0.12,0.14,0.16,0.21,0.23,0.24,0.33,0.36,0.42,0.48,0.55,0.53,0.74,0.6,0.66
598,"those","pronouns",0.01,0.02,0.02,0.04,0.05,0.04,0.06,0.1,0.14,0.16,0.18,0.25,0.4,0.35,0.4
599,"us","pronouns",0,0.01,0.01,0.02,0.02,0.01,0.05,0.07,0.07,0.11,0.13,0.17,0.25,0.26,0.3
600,"we","pronouns",0,0.03,0.02,0.03,0.04,0.04,0.1,0.09,0.13,0.19,0.22,0.35,0.41,0.39,0.45
601,"you","pronouns",0.07,0.07,0.14,0.2,0.24,0.27,0.35,0.43,0.47,0.57,0.63,0.7,0.82,0.78,0.8
602,"your","pronouns",0,0.02,0.01,0.04,0.04,0.05,0.08,0.13,0.17,0.23,0.27,0.29,0.49,0.44,0.51
603,"yourself","pronouns",0,0.01,0.01,0.01,0.02,0,0.02,0.04,0.05,0.06,0.09,0.12,0.2,0.15,0.22
604,"how","question_words",0,0.02,0.03,0.03,0.05,0.05,0.08,0.12,0.14,0.17,0.24,0.3,0.41,0.4,0.46
605,"what","question_words",0.11,0.14,0.16,0.21,0.24,0.25,0.38,0.43,0.47,0.56,0.58,0.7,0.79,0.73,0.78
606,"when","question_words",0,0.02,0.02,0.02,0.02,0.03,0.03,0.06,0.07,0.11,0.18,0.24,0.3,0.29,0.39
607,"where","question_words",0.04,0.08,0.09,0.12,0.14,0.17,0.27,0.39,0.42,0.48,0.52,0.61,0.76,0.68,0.71
608,"which","question_words",0,0.02,0.02,0.02,0.02,0.02,0.02,0.04,0.06,0.08,0.11,0.12,0.19,0.23,0.26
609,"who","question_words",0.03,0.04,0.05,0.05,0.09,0.09,0.14,0.18,0.22,0.27,0.32,0.44,0.55,0.49,0.58
610,"why","question_words",0.02,0.06,0.08,0.11,0.12,0.13,0.18,0.25,0.25,0.31,0.4,0.5,0.54,0.59,0.58
611,"about","locations",0,0.02,0.01,0.01,0.03,0.02,0.03,0.03,0.06,0.07,0.1,0.12,0.22,0.23,0.28
612,"above","locations",0.01,0.02,0.02,0.02,0.03,0.03,0.05,0.04,0.08,0.11,0.13,0.19,0.24,0.23,0.27
613,"around","locations",0,0.03,0.02,0.03,0.06,0.05,0.07,0.11,0.14,0.22,0.23,0.28,0.43,0.37,0.43
614,"at","locations",0.01,0.03,0.03,0.05,0.06,0.08,0.12,0.16,0.2,0.23,0.33,0.38,0.52,0.47,0.49
615,"away","locations",0,0.03,0.05,0.09,0.09,0.11,0.16,0.24,0.29,0.38,0.41,0.47,0.64,0.54,0.59
616,"back","locations",0.02,0.06,0.07,0.13,0.12,0.17,0.21,0.32,0.36,0.41,0.43,0.49,0.66,0.57,0.64
617,"behind","locations",0,0.02,0.02,0.04,0.05,0.06,0.09,0.14,0.18,0.23,0.3,0.35,0.47,0.46,0.49
618,"beside","locations",0,0.01,0.02,0.01,0.02,0.02,0.05,0.08,0.1,0.1,0.13,0.15,0.21,0.22,0.29
619,"by","locations",0.01,0.04,0.03,0.05,0.05,0.08,0.11,0.14,0.17,0.24,0.27,0.36,0.48,0.41,0.45
620,"down","locations",0.2,0.3,0.37,0.46,0.49,0.54,0.55,0.62,0.68,0.75,0.73,0.76,0.89,0.81,0.82
621,"for","locations",0,0.02,0.02,0.03,0.04,0.05,0.08,0.12,0.16,0.21,0.28,0.36,0.5,0.45,0.51
622,"here","locations",0.03,0.06,0.09,0.12,0.18,0.21,0.31,0.36,0.43,0.5,0.54,0.59,0.78,0.69,0.71
623,"inside/in","locations",0.05,0.08,0.14,0.21,0.24,0.25,0.38,0.45,0.51,0.58,0.61,0.63,0.82,0.7,0.75
624,"into","locations",0,0.02,0.02,0.02,0.02,0.02,0.06,0.08,0.09,0.11,0.16,0.19,0.3,0.28,0.34
625,"next to","locations",0,0.02,0.02,0.02,0.02,0.02,0.05,0.09,0.11,0.14,0.22,0.25,0.36,0.35,0.36
626,"of","locations",0,0.02,0.01,0.04,0.01,0.02,0.03,0.06,0.09,0.1,0.14,0.21,0.29,0.27,0.33
627,"off","locations",0.12,0.16,0.26,0.36,0.35,0.44,0.49,0.58,0.61,0.68,0.71,0.73,0.88,0.76,0.78
628,"on","locations",0.12,0.16,0.22,0.32,0.33,0.43,0.51,0.54,0.61,0.69,0.71,0.74,0.89,0.76,0.8
629,"on top of","locations",0.01,0.02,0.02,0.03,0.05,0.06,0.1,0.14,0.19,0.24,0.27,0.32,0.48,0.45,0.49
630,"out","locations",0.11,0.15,0.25,0.34,0.32,0.37,0.44,0.53,0.54,0.63,0.67,0.67,0.83,0.7,0.74
631,"over","locations",0.01,0.03,0.04,0.05,0.06,0.11,0.14,0.21,0.26,0.3,0.39,0.42,0.64,0.52,0.57
632,"there","locations",0.02,0.06,0.08,0.11,0.14,0.21,0.23,0.35,0.4,0.45,0.51,0.59,0.75,0.65,0.69
633,"to","locations",0.01,0.03,0.03,0.06,0.05,0.09,0.12,0.2,0.25,0.3,0.37,0.44,0.59,0.53,0.6
634,"under","locations",0.01,0.03,0.04,0.07,0.09,0.12,0.15,0.26,0.3,0.4,0.44,0.48,0.66,0.6,0.65
635,"up","locations",0.28,0.35,0.43,0.53,0.51,0.59,0.61,0.66,0.7,0.77,0.76,0.74,0.9,0.82,0.83
636,"with","locations",0,0.02,0.02,0.05,0.04,0.05,0.13,0.17,0.23,0.27,0.35,0.4,0.58,0.5,0.58
637,"a","quantifiers",0.04,0.05,0.07,0.12,0.13,0.16,0.23,0.25,0.3,0.37,0.4,0.48,0.61,0.54,0.62
638,"all","quantifiers",0.03,0.05,0.07,0.12,0.12,0.15,0.19,0.3,0.33,0.39,0.43,0.49,0.67,0.59,0.65
639,"a lot","quantifiers",0,0.02,0.03,0.05,0.05,0.05,0.11,0.17,0.18,0.25,0.29,0.35,0.48,0.49,0.53
640,"an","quantifiers",0.01,0.02,0.01,0.02,0.02,0.02,0.04,0.03,0.05,0.09,0.1,0.12,0.17,0.18,0.22
641,"another","quantifiers",0.01,0.03,0.04,0.06,0.06,0.08,0.11,0.19,0.22,0.28,0.35,0.36,0.53,0.45,0.52
642,"any","quantifiers",0,0.02,0.02,0.03,0.02,0.03,0.05,0.09,0.13,0.16,0.22,0.32,0.41,0.36,0.42
643,"each","quantifiers",0,0.02,0.02,0.02,0.01,0.01,0.04,0.03,0.05,0.06,0.08,0.15,0.14,0.18,0.2
644,"every","quantifiers",0,0.02,0.02,0.02,0.01,0.02,0.03,0.07,0.08,0.11,0.15,0.19,0.26,0.31,0.32
645,"more","quantifiers",0.22,0.29,0.39,0.45,0.5,0.52,0.59,0.68,0.7,0.75,0.75,0.79,0.91,0.87,0.86
646,"much","quantifiers",0.01,0.02,0.03,0.04,0.03,0.04,0.08,0.11,0.14,0.16,0.2,0.21,0.35,0.31,0.39
647,"none","quantifiers",0.01,0.03,0.04,0.05,0.06,0.07,0.09,0.15,0.15,0.18,0.21,0.26,0.36,0.36,0.42
648,"not","quantifiers",0.01,0.03,0.04,0.06,0.06,0.11,0.13,0.18,0.25,0.29,0.36,0.42,0.61,0.51,0.52
649,"other","quantifiers",0,0.02,0.02,0.04,0.03,0.08,0.1,0.18,0.18,0.24,0.29,0.33,0.49,0.41,0.43
650,"same","quantifiers",0,0.02,0.02,0.02,0.04,0.03,0.06,0.13,0.16,0.16,0.24,0.28,0.33,0.39,0.43
651,"some","quantifiers",0.01,0.03,0.06,0.1,0.13,0.14,0.21,0.26,0.31,0.39,0.43,0.48,0.68,0.56,0.63
652,"the","quantifiers",0.02,0.04,0.04,0.08,0.08,0.1,0.16,0.19,0.26,0.29,0.38,0.44,0.62,0.51,0.61
653,"too","quantifiers",0.02,0.04,0.06,0.1,0.12,0.17,0.24,0.26,0.37,0.42,0.49,0.52,0.71,0.61,0.68
654,"am","helping_verbs",0.01,0.02,0.02,0.04,0.06,0.06,0.1,0.13,0.18,0.23,0.27,0.34,0.48,0.48,0.53
655,"are","helping_verbs",0,0.02,0.02,0.02,0.04,0.04,0.08,0.1,0.15,0.16,0.23,0.28,0.44,0.38,0.48
656,"be","helping_verbs",0,0.03,0.02,0.05,0.03,0.05,0.08,0.11,0.13,0.17,0.23,0.25,0.38,0.36,0.42
657,"can (auxiliary)","helping_verbs",0.01,0.02,0.03,0.07,0.06,0.07,0.15,0.21,0.23,0.31,0.32,0.43,0.6,0.56,0.62
658,"could","helping_verbs",0,0.02,0.02,0.02,0.02,0.02,0.02,0.05,0.05,0.08,0.11,0.14,0.22,0.23,0.27
659,"did/did ya","helping_verbs",0.02,0.03,0.04,0.06,0.07,0.09,0.11,0.2,0.21,0.25,0.32,0.42,0.56,0.47,0.57
660,"do","helping_verbs",0.04,0.09,0.11,0.17,0.2,0.27,0.29,0.38,0.44,0.5,0.53,0.61,0.77,0.66,0.69
661,"does","helping_verbs",0,0.02,0.02,0.03,0.02,0.03,0.05,0.09,0.09,0.14,0.18,0.22,0.34,0.34,0.36
662,"don't","helping_verbs",0.05,0.05,0.08,0.1,0.17,0.15,0.2,0.28,0.34,0.44,0.43,0.51,0.71,0.59,0.67
663,"gonna/going to","helping_verbs",0.01,0.03,0.05,0.06,0.07,0.11,0.13,0.23,0.25,0.29,0.38,0.42,0.59,0.53,0.58
664,"gotta/got to","helping_verbs",0.01,0.02,0.03,0.03,0.03,0.04,0.08,0.12,0.13,0.14,0.2,0.24,0.37,0.32,0.39
665,"hafta/have to","helping_verbs",0.01,0.02,0.02,0.04,0.03,0.04,0.06,0.13,0.15,0.18,0.26,0.34,0.45,0.43,0.49
666,"is","helping_verbs",0.02,0.03,0.03,0.06,0.07,0.07,0.16,0.18,0.21,0.27,0.36,0.42,0.56,0.51,0.6
667,"lemme/let me","helping_verbs",0.01,0.03,0.05,0.07,0.1,0.12,0.2,0.23,0.3,0.4,0.44,0.51,0.68,0.6,0.65
668,"need/need to","helping_verbs",0,0.03,0.05,0.06,0.07,0.1,0.12,0.21,0.24,0.29,0.35,0.41,0.56,0.55,0.59
669,"try/try to","helping_verbs",0,0.03,0.04,0.06,0.06,0.1,0.14,0.22,0.27,0.29,0.35,0.4,0.53,0.5,0.58
670,"wanna/want to","helping_verbs",0.04,0.07,0.09,0.12,0.17,0.21,0.26,0.38,0.4,0.49,0.56,0.62,0.77,0.7,0.75
671,"was","helping_verbs",0,0.02,0.02,0.03,0.01,0.02,0.05,0.07,0.09,0.11,0.17,0.23,0.34,0.32,0.38
672,"were","helping_verbs",0,0.02,0.02,0.02,0.01,0.02,0.02,0.04,0.05,0.07,0.11,0.16,0.23,0.21,0.27
673,"will","helping_verbs",0,0.02,0.02,0.03,0.03,0.04,0.06,0.08,0.09,0.13,0.19,0.23,0.36,0.35,0.41
674,"would","helping_verbs",0,0.02,0.02,0.02,0.02,0.01,0.03,0.03,0.04,0.06,0.07,0.12,0.16,0.16,0.23
675,"and","connecting_words",0.01,0.03,0.03,0.05,0.08,0.09,0.15,0.27,0.29,0.34,0.46,0.48,0.64,0.6,0.66
676,"because","connecting_words",0,0.02,0.02,0.03,0.04,0.03,0.06,0.11,0.11,0.13,0.22,0.26,0.36,0.35,0.44
677,"but","connecting_words",0.01,0.03,0.02,0.03,0.03,0.03,0.07,0.07,0.07,0.1,0.15,0.2,0.26,0.3,0.35
678,"if","connecting_words",0,0.02,0.02,0.02,0.02,0.01,0.04,0.04,0.04,0.07,0.09,0.12,0.18,0.2,0.24
679,"so","connecting_words",0,0.03,0.02,0.03,0.04,0.04,0.08,0.08,0.1,0.12,0.16,0.23,0.29,0.28,0.35
680,"then","connecting_words",0,0.02,0.01,0.02,0.02,0.02,0.03,0.08,0.07,0.08,0.16,0.2,0.27,0.28,0.33